■日本の独立住宅,,■日本の独立住宅,
白い箱型の外観。吹抜けと複数の床レベル。モダニズム木造住宅。,土浦,土浦亀城邸：土浦亀城(つちうら かめき),2024年4月に現在の〈ポーラ青山ビルディング〉敷地内への移築が完了。
切妻屋根の和風、吹抜けの居間を中心に書斎・寝室等を配置。木造住宅。,前川,前川自邸：前川國男(まえかわ くにお),
工業化住宅の先駆け。「15坪住宅」。吹抜けを用い狭小性の克服。,立体,立体最小限住宅：池辺陽(いけべ きよし),
戦後の極限的小住宅の先駆け。3間x3間の9坪の平面。3坪の吹抜け。,増沢,増沢洵邸：増沢洵(ますざわ まこと),
テラス、廊下、居間が連続する開放的な平面。可変家具（移動畳等）空間の変更可能な住宅。 ,斎藤,斎藤助教授の家：清家清(せいけ きよし),
コンクリートを生かした形態と彫りの深い開口。コルビジェのロンシャン礼拝堂のような感じ。外部に対して閉じ「閉鎖性」をつくり出したワンルーム形式の住宅 ,ヴィ,ヴィッラ・クゥクゥ：吉阪隆正(よしざか たかまさ),
4枚の壁柱で正方形の主室を空中に持ち上げ、HPシェルの屋根を設けた構成。住宅生産工業化により設備等の更新が可能な「ムーブネット」。 ,スカ,スカイハウス：菊竹清訓(きくたけ きよのり),
ワンルーム正方形平面に方形屋根を架け、傘の骨のように組まれた木材を内部に現した住宅 ,から,から傘の家：篠原一男(しのはら かずお),
1階の鉄筋コンクリート造のコアの上に、片流れの屋根と2階の居間を中心とした平面計画が特徴である。,軽井,軽井沢の家：吉村順三(よしむら じゅんぞう),
敷地全体を壁(塀)によって囲い込み、四つに分かれた庭が各室に採光と広がりを与えているコートハウス。,正面,正面のない家(N氏邸)：坂倉建築研究所,
小面積で不整形な敷地条件に対し、住空間を機能別に積層して構成した都市住宅である。,塔の,塔の家：東孝光(あずま たかみつ),
1階を生活部分、2階を仕事場に分けた明快な平面構成が特徴。,夫婦,夫婦屋根(めおとやね)の家：山下和正(やました かずまさ),
鉄筋コンクリート造の内側に木構造をおさめた混構造で、中庭のあるコートハウス形式の住宅である。,まつ,まつかわぼっくす：宮脇檀(みやわき まゆみ),
玄関からバルコニーまで降りてゆく中央の吹抜けの両側に居室を配置。トップライトから自然光を取り入れ、住居の中に「都市を埋蔵する」構成を意図。,原広,原広司邸：原広司(はら ひろし),
ファサードに玄関以外の開口部がなく、中央部に中庭を設けた住宅 。,住吉,住吉の長屋：安藤忠雄(あんどう ただお),
街路側が湾曲したロの字型の平面を持ち、外部に閉鎖的な鉄筋コンクリート造の外観が特徴である。,中野,中野本町の家(なかのほんちょう)：伊東豊雄(いとう とよお),
庭と居間とが面する関係を保ちつつ、コンクリートプロック造の住宅を増改築することで、夫婦2人の住まいとした住宅 。,私た,私たちの家：林昌二・林雅子(はやし しょうじ・はやし まさこ),
鉄筋コンクリートの柱の上に鉄骨フレームを架け、上部をアルミやテントで覆った住宅である。,シル,シルバーハット：伊東豊雄(いとう とよお),
■外国の独立住宅,,■外国の独立住宅,
プレーリーハウスの典型例。軒を深く出して水平線を強調し、煙突の垂直線と対比させた住宅 ,ロビ,ロビー邸：フランク・ロイド・ライト,
無彩色と青・赤・黄の三原色との組合せ。デ・ステイルの構成原理。,シュ,シュレーダー邸：リートフェルト,
「近代建築の5原則」として、1ピロティ、2屋上庭園、3自由な平面、4水平連続窓、5自由なファサードを提示し、この原則を具現させた作品 ,サヴ,サヴォア邸：ル・コルビジェ,
南北全面を半透明のガラスブロック壁とし、間仕切り壁にガラスやパンチングメタルを使うことで、内部まで明るい一塊の空間とした住宅 ,ガラ,ガラスの家(ダルザス邸)：ピエール・シャロ―,
2層の床スラブが滝のある渓流の上に張り出し、周囲の自然の眺めを味わえるように意図された住宅,落水,落水荘(らくすいそう)：フランク・ロイド・ライト,
切妻屋根の2棟が組み合わさった形状であり、主棟に対し、居間棟をずらして配置することで、主棟にあるホール（食堂）からも海を見渡せるようにした住宅,夏の,夏の家：グンナール・アスプルンド,
庭と分かち難く結びついた内部空間をもち、居間の奥には庭に面して大きな窓（十字の窓）を設け、積極的に外部を内部に取り込んだ住宅。ピンク等の鮮やかな色彩。,バラ,バラガン自邸：ルイス・バラガン,
不整形敷地に建つ地上4階建ての医院併用住宅であり、台形の平面をもつ医院と矩形の平面をもつ住居は、中庭のスロープによって繋がれている,クル,クルチェット邸：ル・コルビジェ,
"広大な敷地の中に立つ別荘で、暖炉とコアによる明快な平面構成をもつ。
外壁がガラス。 ",ガラ,ガラスの家：フィリップ・ジョンソン,
再組立が可能という理念のもと、形鋼やスチールサッシ等の工業製品を用いて建築された住宅である。,イー,イームズ自邸：チャールズ＆レイ・イームズ,
鉄骨造の特徴を生かした、ユニバーサル空間をもつ。,ファ,ファンズワース邸：ミース・ファン・デル・ローエ,
4軒長屋を改造・改築することにより、路地を長い回廊に置き換え、アプローチから建築物の深部に至るまでに坪庭が随所に設けられた住宅である。 ,バワ,バワ自邸(Number11)：ジェフリー・バワ,ジェフリー・バワは「アジアリゾートの父」とも言われている
二つの矩形のボリュームが45度の角度をもって接合され、一方には2層の個室群が配置され、もう一方には2層分の高さの居間をもつ、幾何学的な構成の住宅 ,フィ,フィッシャー邸：ルイス・カーン,
ショッキングピンクの外観で、壁のスリット、室内のプール、中庭などが設けられ、光が室内の様々な色の壁や水面に降り注ぎ、光と色が競演する空間となっている。,ヒラ,ヒラルディ邸(ギラルディ邸)：ルイス・バラガン,
既存の木造住宅に、安価な材料である金網やトタン板、ベニヤ板の断片等を組み合わせて増改築を行った、ポストモダンを代表する住宅 。,ゲー,ゲーリー自邸：フランク・O・ゲーリー,
■日本の集合住宅,,■日本の集合住宅,
関東大震災後の住宅難に対処するために設立された同潤会による鉄筋コンクリート造の都市型アパート ,同潤,同潤会江戸川アパート：同潤会,
住生活の多様化に対応するために、食事室と台所を一体化したDKおよび食事室と寝室を分離した食寝分離 計画である。 ,公営,公営住宅標準設計51C型：東京大学 吉武泰水研究室(よしたけ やすみ),
2戸×3層の6住戸を1単位とし、3層ごとに共用廊下を設け、そこから上下階の住戸に階段でアクセスするスキップアクセス形式を採用した都市型高層賃貸集合住宅 。,晴海,晴海高層アパート：前川國男,
解体せずに再生・活用する技術的手法を検証するため、解体予定の住棟を用いてストック再生実証試験が行われた団地である。,ひば,ひばりが丘団地：竹中工務店＋都市再生機構,
高度成長期に建設された中層集合住宅を中心とする郊外型大規模住宅団地。,草加,草加松原団地：旧日本住宅公団,
空き住戸を活用したサポート付き共同住宅や戸建て住宅を活用した多世代型シェアハウス等の試みが行われている、大規模なニュータウン。,泉北,泉北ニュータウン(大阪府堺市),
住宅、商業施設、オフィス、レストラン等の機能が複合した建築群で構成された都市型集合住宅で、長い年月をかけてまちなみをつくり出している。,代官,代官山ヒルサイドテラス：槇文彦(まき ふみひこ),
西向きの急斜面に対して住戸の軸を45度に振り、雁行した平面によりバルコニーや開口部に変化を与え、プライバシーの確保を図った。,桜台,桜台コートビレッジ：内井昭蔵(うちい しょうぞう),
戦災者用応急住宅地等の再開発を目的として建設された、高層高密度団地 ,広島,広島基町団地：大高正人(おおたか まさと),
5層ごとに共用の憩いの場等である空中庭園をもつ、工業化工法による集合住宅 ,芦屋,芦屋浜高層住宅：アステム企業連合,アステム企業連合(ASTM)は、A：芦屋浜、S：新日本製鉄、T：竹中工務店、高砂熱学工業、M：松下電工、松下興産の略
七つの住棟により囲まれた二つの中庭をもち、屋根葺材には地元で焼かれた瓦を使用する等、周辺との融和に配慮された地上3階建ての低層集合住宅,茨城,茨城県営六番池アパート：現代計画研究所,
1階のフラット住戸に設けられた専用庭と2〜3階のメゾネット住戸への専用の屋外階段が、路地的なスペースに面して設けられた集合住宅 ,ライ,ライブタウン浜田山：現代建築研究所,
複数住棟の共用の庭をもち、また、各戸の専用庭及び住棟の雁行配置により住戸の独立性を高めた集合住宅 ,タウ,タウンハウス諏訪：日本住宅公団、山設計工房、みのべ建築設計事務所,
緑豊かな急斜面に沿った規則的な格子状の空間構成の中にテラスや中庭的空間を配して、自然や眺望を活かした住戸を創出している。 ,六甲,六甲の集合住宅：安藤忠雄(あんどう ただお),
住棟に囲まれた敷地中央のまとまった共用緑地や広場からアクセスする多様な住戸を、居住者が設計に参加するコーポラティブ方式により建設した集合住宅 ,ユー,ユーコート：京の家創り会,
街区のほぼ中央にある歩行者専用道に面した接地階の住戸に、居住者が趣味や創造活動のアトリエ、教室等に利用することを想定した「フリースペース」と称する一室を設けることによって、沿道の賑わいや親しみのある景観形成を意図している。 ,プロ,プロムナード多摩中央(東京都多摩市),
マスター・アーキテクト方式による一体感のある景観をもつ集合住宅地である。 ,ベル,ベルコリーヌ南大沢(東京都八王子市)：マスターアーキテクト 内井昭蔵,
国内外の6名の建築家がそれぞれの住棟を競作した集合住宅団地である。レム棟・コールハース棟（福岡市）は、各戸に採光と通風を確保するためのプライベートな中庭が設けられた接地型の集合住宅 。,ネク,ネクサスワールド香椎(福岡県福岡市),
80人が集まって生活することに重点を置き、居住者全員で使用するリビングスペースや浴場等の共用空間の充実を図った。 ,再春,再春館製薬女子寮：妹島和世(せじま かずよ),
三つの住棟、集会室及び中央広場で構成され、中央広場については、住戸又は集会室を介してアクセスする居住者専用のものである。 ,熊本,熊本県営保田窪第一団地(ほたくぼ)：山本理顕(やまもと りけん),
居住者の参加によって各住戸の設計が行われたコーポラティブハウスであり、居住者の交流等を意図して共用空間を配置した。,Mポ,Mポート(熊本県熊本市)：もやい住宅設計者集団,
敷地内の緩斜面を活かした緑道の配置や、塀・門を極力設けない外構計画等により、連続した開放的な外部空間を創り出した戸建ての住宅団地である。 ,コモ,コモンシティ星田(大阪府交野市)：坂本一成(さかもと かずなり),
今後の都市型集合住宅のあり方を考える一つのモデルとして、環境との共生、省エネルギーや環境負荷の低減、スケルトン・インフィル等の試みを行っている実験集合住宅である。 ,NE,NEXT21(大阪府大阪市)：大阪ガスNEXT21建設委員会,
道路に対して視覚的に開放されつつ、ガラススクリーンで隔てられた中庭をもつ、アーティストやデザイナーの入居を想定した賃貸集合住宅である。 ,用賀,用賀Aフラット(東京都世田谷区)：早川邦彦(はやかわ くにひこ),
中庭を囲む6階建ての4棟の住棟を、4階にある「上の道」と称する回廊でつないだ集合住宅であり､「上の道」は、プレイロットや植栽等のある街路状の空間として機能させることを意図している。,茨城,茨城県営松代団地：大野秀敏(おおの ひでとし)＋三上建築事務所＋アプル総合計画事務所,
中庭や共用部に面して住戸ごとの土間やテラス等を設け、居住者同士が互いの生活を感じながら居住することができるように計画されている。 ,熊本,熊本県営竜蛇平団地(りゅうじゃびら)：元倉眞琴(もとくら まこと),
壁面線の位置・高さ、壁面率等についての「都市デザインガイドライン」に沿って設計された集合住宅であり、街区型の形式に特徴がある。 ,幕張,幕張ベイタウンパティオス４番街：松永安光(まつなが やすみつ)＋坂本一成(さかもと かずなり),
各階に多様な世帯構成を想定した各種の住戸を配置し、相互扶助的な共生を意図したコレクティブハウスである。 ,イン,インナートリッププラザ神山町：守屋弓男(もりや ゆみお),
阪神・淡路大震災の被災者を対象に建築されたコレクティブハウジングであり、共同の食堂、台所等を設けて、居住者が生活の一部を共同で行うことが可能となっている。 ,真野,真野ふれあい住宅：神戸市住宅局、SVU建築設計事務所,
木造平家建ての住宅団地の建替え事業により建築された公営の住宅であり、高齢者在宅サービスセンターを併設した、シルバーハウジング・プロジェクトを含むものである。 ,世田,世田谷区深沢住宅：世田谷区、市浦ハウジング＆プランニング、岩村アトリエ共同企業体,
北からの強風と地吹雪を防ぐ屋敷林や瓦屋根と漆喰壁による景観によって周辺の風景との調和を図り、地場産材の活用等による地域の活性化を意図した戸建て住宅団地である。 ,中新,中新田町営並柳HOPE住宅(なかにいだ なみやなぎホープ)：針生承一建築研究所(はりゅう しょういち),
昭和40年代に建設された公営住宅の建替えに当たって、21世紀に向けた居住様式を提案することを目標として設計された集合住宅団地である。,岐阜,岐阜県営住宅ハイタウン北方−南ブロック：高橋昌子(たかはし あきこ)、クリスティン・ホーリィ、エリザベス・ディラー、妹島和世(せじま かずよ),
中廊下形式を採用し、中廊下への通風や採光を確保するための大きなテラスを住棟各所にもつ高層板状住棟により構成した高密度な賃貸集合住宅である。 ,東雲,東雲キャナルコート：山本理顕(やまもと りけん)、伊東豊雄(いとう とよお)、他,
各住戸の独立性を保ちつつ、居住者が共同で使用することができる居間や台所等を設置して、コモンミールや掃除等、生活の一部を共同化している、コレクティブハウスである。 ,かん,かんかん森：事業主体：(株)生活科学運営,
団地内にある階段室型の鉄筋コンクリート造の住棟にエレベーターと共用廊下を増築し、介護施設棟や、入居者のみならず誰もが利用できる食堂等が設けられている。 ,ゆい,ゆいま〜る多摩平の森(たまだいら)：プラスニューオフィス,
道路に面する部分は巨大な半透明のテント膜で覆われ、内部は吹抜け空間を介して個室7室とコモンスペースが計画された、シェアハウスである。,SH,SHAREyaraicho：篠原聡子(しのはら さとこ)＋内村綾乃(うちむら あやの),
戦後建設された鉄筋コンクリート造の店舗併用集合住宅であり、改修により、耐震補強やエレベーター設置のほか、多世代向けの住戸改修とDIY可能な住戸の導入などがされている。,堀川,堀川出水団地第1棟・第2棟改修(ほりかわでみず)：アール・アイ・エー,
■外国の集合住宅,,■外国の集合住宅,
波状の有機的なファサードを有し、各住戸の平面が異なる高層集合住宅である。 ,カサ,カサ・ミラ：アントニオ・ガウディ,
シカゴ、国際様式 、高層集合住宅 ,レイ,レイクショアドライブ・アパートメント：ミース・ファン・デル・ローエ,
ピロティのある高層の集合住宅であり、建築物内には住戸に加えて、店舗、ホテル、屋上庭園等の機能がある。 ,ユニ,ユニテ・ダビタシオン：ル・コルビュジエ,
ミラノ、高層集合住宅、麻布台ヒルズみたいな奴 ,トー,トーレ・ヴェラスカ,
高層集合住宅。19階の塔状住棟と13階の円弧状住棟を対比的に配置。,ロメ,ロメオとジュリエット：ハンス・シャロウン,男性器、女性器みたいな感じ
アトリエファイブによる、高密度の「低層」集合住宅である。,ハー,ハーレン・ジードルンク：アトリエ・ファイブ,
10戸の週末用住居群を海の眺望を考慮して、敷地の勾配に沿って中庭を囲むように配置した低層集合住宅である。 ,シー,シーランチ・コンドミニアム：チャールズ・ムーア他,
コンクリートボックスの組合せによって構成された高層集合住宅である。 ,アビ,アビタ’67(カナダ モントリオール)：モシェ・サフディ,
住民の意見を積極的に取り入れたもので、既存のコミュニティー施設を残し、地区の周囲に壁状の高層住棟を配置し、その内側に庭付きの低層集合住宅を配置した計画である。,バイ,バイカー再開発(イギリス ニューキャッスル)：ラルフ・アースキン,
ミース・ファン・デル・ローエが全体計画を行った実験住宅展で建築された住宅団地であり、「インターナショナル・スタイル」の成立に影響を与えたものである。 ,ヴァ,ヴァイセンホーフ・ジードルング(ドイツ シュトゥットガルト)：ミース・ファン・デル・ローエ,
ジャン・プルーヴェによって設計されたものであり、アルミニウム等の材料が用いられている。,ムー,ムードンの住宅：ジャン・プルーヴェ,
オーギュスト・ペレ によって設計された集合住宅であり、構造を鉄筋コンクリート造とした初期の集合住宅とされている。,フラ,フランクリン街のアパート：オーギュスト・ペレ,
東日本大震災の津波で立ち枯れたスギの丸太を用い、被災した人々の集いの場としてつくられた集会場である。 ,陸前,陸前高田のみんなの家：乾久美子(いぬい くみこ)、伊東豊雄(いとう とよお)、等,
阪神・淡路大震災の復興事業として計画されたグループハウスであり、建築物の中央にある中庭を軸に左右対称に各ユニットの玄関、共用のLDK、居室が配置され、各居室からも直接外部に出ることができるように平家建てで計画されている。 ,グル,グループハウス尼崎：小林正美(こばやし まさみ),
東日本大震災後に被災者を対象に建設された、高齢者向け住戸と一般向け住戸で構成され、サポート拠点（サポートセンター）を併設した災害公営住宅である。 ,釜石,釜石・平田地区仮設住宅団地：東大西出・大月研＋岩手県立大学狩野研,
東日本大震災による被災者のための公営住宅であり、リビングアクセス形式の採用や、1フロア毎に共用廊下の配置を反転させることで、高齢居住者の見守りがしやすい環境づくりが行われている。 ,釜石,釜石市天神復興住宅：千葉学(ちば まなぶ),
■学校・幼稚園,,■学校・幼稚園,
学習センターを中心として、オープンクラスルーム(16m×16m)と特別教室を中庭を介して配置している。 ,加藤,加藤学園暁秀(ぎょうしゅう)初等学校(静岡県)：槇総合計画事務所,日本で初めてのオープンスクールの小学校。
教室間の壁を取り払ったオープンスペースによる施設計画が特徴。,東浦,東浦町立緒川小学校(愛知県)：田中・西野設計事務所,
クラスルームの床面積を通常の約1.5倍とし、クラスルーム内に畳コーナー、ベンチ等のあるアルコーブを設けている ,宮代,宮代町立笠原小学校(埼玉県)：象設計集団,
オープンスペースをメディアスペース（VTR・スライド・OHP学習コーナー等）と組み合わせた計画が特徴である。,目黒,目黒区立宮前小学校(東京都)：アルコム,
ランチルームに音楽室を隣接させてオーディトリウムの機能をもたせて地域の利用も可能としている。 ,浪合,浪合学校(長野県)：湯澤正信(ゆざわ まさのぶ),
クラスルーム、ワークスペース、アルコーブ、中庭等をひとまとまりにした空間を、低、中、高学年ごとに配置し、多様な学習展開への対応を図っている。 ,千葉,千葉市立打瀬小学校(千葉県)：シーラカンス,
クラスルーム、オープンスペース及びテラス等を、低、中、高学年ごとにまとめたユニットとし、各ユニット、多目的ホール及び屋外劇場を、中庭を巡るスロープで結んでいる。 ,棚倉,棚倉町立社川小学校(福島県)：近藤道男(こんどう みちお),
吹抜けの大空間に面して、機能を特定しないスタジオを雛壇状に設けている。,公立,公立はこだて未来大学(北海道)：山本理顕(やまもと りけん),
オープンプラン型を採用し、旧来型の職員室の代わりに壁のない教員コーナーやワーキングスペースを設けることで、複数の教員で児童を見守ることのできる空間整備が行われた。 ,福岡,福岡市立博多小学校(福岡県)：シーラカンスK&H,
屋内の間仕切壁が少なく、引戸の多用により屋外ともつながる広々とした空間の上に、自由に走り回れる円環状のウッドデッキを設けた屋根がある幼稚園である。 ,ふじ,ふじようちえん(東京都)：手塚貴晴（てづか たかはる)・手塚由比(てづか ゆい),
工場跡地において、官民が連携し、防災公園と一体化して計画された。 ,立命,立命館大学いばらきキャンパス：竹中工務店,
■図書館,,■図書館,
1階に間仕切のない開架室を設け、貸し出し中心の機能構成をとっている。 ,日野,日野市立中央図書館：鬼頭梓(きとう あずさ),
東側の開架部門と、中庭を挟んで西側にある学習・管理部門を分けることによって、開架部門を気軽に立ち寄り利用できる空間とした図書館である。 ,金沢,金沢市立玉川図書館：監修：谷口吉郎(たにぐち よしろう)、設計：谷口吉生(たにぐち よしお),
様々な住民の要求に応える形で、床面積と開架冊数の量的拡大、館内読書や調べ物への対応という質的変化、住民の交流拠点としての位置付けの明確化など、大規模化、高機能化した図書館である。 ,朝霞,朝霞市立図書館本館：和(やまと)設計事務所,
多様な閲覧席と豊富な資料を備え、開架書架群に沿ってベンチ、和室、屋外読書スペースなどを設けることで、来館者が長い時間を過ごせるように計画した図書館である。 ,苅田,苅田町立図書館本館：山手総合計画研究所(やまて),
書庫を地下に、中庭に面した閲覧室を半地下に配置することで建築物の地上部分のボリュームを抑え、景観上の調和に配慮した図書館である。 ,国立,国立国会図書館関西館：陶器二三雄(とうき ふみお),
間仕切りを必要最小限に抑えることで大空間を実現させ、三角形平面プランの中央に開架書庫を配置し、3つの辺に沿って緩やかに分けられたスペースがつくられている。 ,まち,まちとしょテラソ：古谷誠章(ふるや のぶあき)＋NASCA(なすか),
建築物の屋内外を巡るスロープや階段、テラス、緑化された屋上を備え、駅前からは施設の賑わいが見え、また、施設からは街が眺められるように計画された。 ,太田,太田市美術館・図書館：平田晃久(ひらた あきひさ),
円筒と直方体が組み合わされた外観をもち、巨大な円筒の内部には、壁に沿って書架があり、中央にサービスデスクが設けられている。 ,スト,ストックホルム市立図書館：グンナール・アスプルンド,
緑豊かな中庭をもつロの字型の基壇部と、その四隅に配置されたL字型の高層棟により構成されている。 ,フラ,フランス国立図書館：ドミニク・ペロー,
大きな三つのゾーンからなり、前庭から入る中央ゾーンは、傾斜屋根により高い天井高を有し、中央にガラス張りの積層式書架形式のライブラリーがある。 ,英国,英国図書館セントパンクラス館：コリン・セント・ジョン・ウィルソン,
既存の王立図書館（旧館）に対し、道路を挟んだ運河側に黒色のガラス張りの新館が増築され、メインエントランスは新館に設けられている。 ,デン,デンマーク王立図書館：シュミット・ハマー・ラッセン,
傾斜した巨大な円盤状の屋根構造をもち、外壁には世界各地・各時代の文字が彫り込まれている。 ,新ア,新アレクサンドリア図書館：スノヘッタ,
外観全体が格子状の鉄骨とガラスで構成され、室内空間に外光を導いている。 ,シア,シアトル中央図書館：OMA(おーえむえー),
外壁が二重構成のドームで覆われ、内部は白色で統一され、特徴的な形状と省エネルギーを重視した画期的な機能から「ベルリンの脳」とも呼ばれている。 ,ベル,ベルリン自由大学図書館：フォスター・アンド・パートナーズ,
■美術館・博物館,,■美術館・博物館,
二つの中庭をもつ「日の字型」の平面で、中庭の周囲に展示室を配置している。伝統表現を意図して瓦葺の勾配屋根を意匠的に設けた「帝冠様式」の代表例。,東京,東京国立博物館本館：渡辺仁(わたなべ じん),
公園内に立地するため、周辺環境との調和を重視し、高さは2階と低く抑え、建築群を回廊でつないだ施設である。 ,世田,世田谷美術館：内井昭蔵(うちい しょうぞう）,
プレキャストコンクリートや瓦屋根を採用する等、地域性を踏まえながら、性能、コスト、耐久性を検討し、「収蔵品のための空間」を実現している。蛇の骨に着想。 ,海の,海の博物館：内藤廣(ないとう ひろし),
建築と美術と都市空間が一体となった景観に寄与しており、駅前の広場に面した壁画部分に入口をもつ施設である。 ,丸亀,丸亀市猪熊弦一郎現代美術館：谷口吉生(たにぐち よしお),
公園の一角に築かれた丘に埋まるように1階の展示室があり、2階にエントランス、最上階に収蔵庫が設置されている。,八代,八代市立博物館「未来の森ミュージアム」(やつしろし)：伊東豊雄,
屋根全体を大階段の展望広場とし、その大階段を二分するスリット状のアプローチが人々をエントランスに導くように計画された。 ,近つ,近つ飛鳥博物館：安藤忠雄(あんどう ただお),
螺旋（らせん）状の動線空間で構成された博物館であり、周囲の自然観察と展望が可能な施設である。 ,潟博,潟博物館：青木淳(あおき じゅん),
米を貯蔵していた4棟の石蔵を石を素材とするアートの展示空間として再生した美術館であり、地場産の石材を用いた様々な試みを行っている。 ,石の,石の美術館：隈研吾(くま けんご),
杉材のルーバーで覆われた切妻屋根の建築物を広場が貫通し、その両側にある美術館とレストラン等の、静と動の2つの領域が多目的な庇下空間で束ねられている。 ,那珂,那珂川町馬頭広重美術館：隈研吾(くま けんご),
周囲の景観を極力損なわないよう、すり鉢状の構造体を地下に埋め込んで建築物の高さを抑え、美術館の中心を貫くアトリウムにより自然光を取り入れることで、自然と美術との共生を目指した空間が計画されている。 ,ポー,ポーラ美術館：日建設計,
誰でも気軽に様々な方向から立ち寄れるように、複数のエントランスのある円形の平面とし、内部には、建築物の端から端まで見通すことができるいくつかの廊下がある。 ,金沢,金沢21世紀美術館：妹島和世(せじま かずよ)＋西沢立衛(にしざわ りゅうえ)／SANAA(さなあ),
正方形の平面に、様々な大きさの円形の展示空間（サークル）が互いに一部重なりながら配置され、それぞれのサークルが展示や交流などのスペースになる。 ,富弘,富弘美術館：aat+ヨコミゾマコト,
鉄筋コンクリートのシェル構造による屋根の大きな開口部から、周囲の風・音・光を内部に直接取り込むことで、周辺環境と建築物、展示作品とを一体で感じられるように計画されている。 ,豊島,豊島美術館：西沢立衛(にしざわ りゅうえ),
昭和初期に開館した美術館の既存のメインエントランスを残し、スロープからつながる地下広場に面した新たなエントランスを設けるなどの改修がされている。 ,京都,京都市京セラ美術館：改修：青木淳(あおき じゅん),
吹抜けに面した螺旋状の展示空間が特徴である。 ,ソロ,ソロモン・グッゲンハイム美術館：フランク・ロイド・ライト,
彫塑的な形態であり、三層にわたる展示空間が中央アトリウムを囲うように配置されている。 ,ビル,ビルバオ・グッゲンハイム美術館：フランク・O・ゲーリー,
赤砂岩の外壁をもつ基壇部があり、その基壇部の上にピラミッド型のトップライト等が配置されている。 ,ロサ,ロサンゼルス現代美術館：磯崎新(いそざき あらた),
平行に並べられた長方形の室によって展示室が構成され、その展示室には日差しへの配慮から深い庇が掛けられている。 ,フォ,フォートワース現代美術館：安藤忠雄,
敷地の北側と南側に通抜けが可能なエントランスホールがあり、中庭と連続する空間となっている。「The Museum of Modern Art」を略して「MoMA（モマ）」,ニュ,ニューヨーク近代美術館：谷口吉生,
格子状に編んだ木製のスクリーンとガラスカーテンウォールに囲まれた大階段、木製の屋根架構をもつ建築物である。 ,アス,アスペン美術館：坂茂(ばん しげる),
空調設備に依存することなく快適な環境をつくりだすために、屋上を緑化したり、風の道を確保するなどの計画がなされている。 ,名護,名護市庁舎：象設計集団,
パーゴラのある中央広場を囲むように、劇場棟、展示棟及び会議棟が配置されており、屋根の形状については大空に羽ばたく鳳（おおとり）がイメージされている。 ,沖縄,沖縄コンベンションセンター：大谷幸夫(おおたに さちお),
シルエットが山並みをイメージさせる第Ⅰ期計画の建築物と、屋根形状が凹面から凸面に波のように変化する第Ⅱ期計画の建築物があり、これらがつくりだすスカイラインに特徴がある。 ,幕張,幕張メッセ(千葉県日本コンベンションセンター国際展示場)：槇総合計画事務所,
音楽、演劇、美術のそれぞれに対応した文化施設を、個々の空間の独立性を保ちながら、一体化させている。 ,水戸,水戸芸術館：磯崎新,
国際会議場、展示ホール、ホテル等からなる複合施設で、押し寄せる波、水面から屹立（きつりつ）する大きな帆、ヨットのキールの形態など、海にちなむモチーフで計画されている。,横浜,パシフィコ横浜(横浜国際平和会議場)：日建設計,
特定街区制度を採用し、老朽化した病院を建て替えて、新たな都市環境の形成を図ったもので、病室はすべて個室とした。 ,聖路,聖路加国際病院：日建設計,
公民館、文化ホール、情報センターの機能を独立して管理しやすいように別棟で計画し、それぞれをブリッジでつないでいる。 ,すみ,すみだ生涯学習センター：長谷川逸子(はせがわ いつこ),
4本の巨大な柱によるスーパーストラクチャーによって支えられた「コングレスタワー」と呼ばれる会議棟が施設のシンボルとなっている。 ,東京,東京ビッグサイト(東京国際展示場)：佐藤総合計画,
チャレンジタワーと呼ぶ吹抜け空間を中心としたアトリウムを取り囲むように創作活動諸室、体験諸室、幼児コーナー等が配置された児童施設である。 ,愛知,愛知県児童総合センター：仙田満(せんだ みつる)＋環境デザイン研究所,
中央にあるコンコースを谷に見立て、段丘を東西方向に延ばし、中央にガラスに覆われたアトリウムを特徴にもつ、駅、ホテル、商業施設等による複合施設である。 ,京都,京都駅ビル：原広司,
本体施設の屋上庭園と複数の浮島状の空中庭園が回遊性をもつペデストリアンデッキで結ばれ、公園と一体化したパブリックスペースを形成している。 ,りゅ,りゅーとぴあ：長谷川逸子,
楕円に近い形状をもつ「マザールーフ」と呼ばれる大屋根に特徴があり、「ビッグパレット」の由来となっている。 ,福島,福島県産業交流館(ビッグパレットふくしま)：北川原温(きたがわら あつし),
各階の大空間を構成するプレートを13本のチューブが貫き、市民ギャラリー、図書館、映像センター等が複合した施設である。 ,せん,せんだいメディアテーク：伊東豊雄,
赤レンガの壁と、古いレールをマリオンとして再利用したカーテンウォールの外観を特徴にもつ、駅、交流施設等による複合施設である。 ,岩見,岩見沢複合駅舎：西村浩(にしむら ひろし)／ワークビジョンズ,
木造格子屋根をもつ市立中央図書館や、市民活動交流センター、多文化交流プラザ及び展示ギャラリー等からなる複合施設である。 ,ぎふ,ぎふメディアコスモス：伊東豊雄建築設計事務所,
駅前に建てられた市民協働・市民交流の拠点であり、大通りに開かれた屋根付き広場を中心に、アリーナ、市民交流スペース、市役所、議会等を配置した複合施設として計画された。 ,アオ,アオーレ長岡：隈研吾,
プレキャストコンクリート柱と鉄筋コンクリート梁に囲まれたグリッドで構成された、鉄道やバスの総合待合、図書閲覧スペース、駅前広場等による複合施設である。 ,延岡,延岡市駅前複合施設エンクロス：乾久美子(いぬい くみこ),
図書館、博物館、展示室等からなる複合施設であり、南北二つの棟がスリット状の通路及び正方形の中庭を挟んで対峙する構成となっている。 ,アラ,アラブ世界研究所：ジャン・ヌーベル,
集成材とケーブル等で構成された立体張弦アーチと、膜屋根を組み合わせた架構をもつ建築物である。リフトアップ施工。 ,出雲,出雲ドーム：鹿島建設,
小断面の製材を斜め格子状に組み合わせた屋根架構をもつ建築物である。 ,群馬,群馬県農業技術センター：SALHAUS：サルハウス,
凸レンズ状に組まれたトラス梁が並んだ屋根架構をもつ建築物である。 ,住田,住田町役場：前田建設工業ほか,
主要構造部の柱や梁には、鋼材を内蔵した集成材を使用し、外壁にはガラスカーテンウォールと木製ルーバーを使用した建築物である。 ,国見,国見町庁舎：JR東日本建築設計,
■事務所,,■事務所,
機械設備、エレベーター、便所、階段等のサービス機能をもったシャフトを、建築物の外周部に独立して配置している。 ,ロイ,ロイズ・オブ・ロンドン：リチャード・ロジャース,
吊橋の工法を応用した構造の採用により、各階は、2列のマスト状の組柱の間が開放的な無柱空間となっている。 ,香港,香港上海銀行本店：ノーマン・フォスター,
2層吹抜けの執務スペースでは、天井付近が広がった樹木状の柱や柱頭まわりの天窓、ハイサイドライトによって、内部に自然を再現している。 ,ジョ,ジョンソン・ワックス・ビル：フランク・ロイド・ライト,
ビル内部に豊かな植栽が施されたアトリウムをもち、各フロアの執務スペースはアトリウムをL字型に囲むように配置されている。 ,フォ,フォード財団本部ビル：ケヴィン・ローチ,
低層部分は旧丸ビルのファサードである3層構成と高さ31mのフォルムを継承し都市景観に配慮し、街路の延長としてのアトリウムを設けることにより旧丸ビルの十字アーケードを発展的に継承している。 ,丸の,丸の内ビルディング：三菱地所設計,
高層階のオフィスゾーンは、中央にアトリウムを設け、事務室沿いの廊下をアトリウムに面して配置しており、その廊下から建築物のどこの位置に自分がいるのかを把握することができる。 ,新宿,新宿NSビル：日建設計,
執務スペースが階段状に積層する立体的なワンルーム空間に、ガラスをはめこんだ木と鉄のハイブリッドトラスの屋根をかけ、自然光を通すフィルターを使用した天幕を設けている。 ,RO,ROKIGlobalInnovationCenter：小堀哲夫建築設計事務所(こぼり てつお),
■劇場,,■劇場,
来館者の動線を円滑にエントランス空間に導くために、演劇ホールとコンサートホールの間に光庭や吹抜けをもつモール状の空間を設けている。 ,熊本,熊本県立劇場：前川國男,
丘陵地のような独創的な空間構成をとり、アリーナ型という新たなコンサートホールの舞台・客席形式を創出した。 ,ベル,ベルリン・フィルハーモニーホール：ハンス・シャロウン,
観客と舞台との一体感を得られやすい「オープンステージ形式」の劇場である。 ,シェ,シェークスピア劇場・グローブ座,
■商業、その他,,■商業、その他,
周辺環境との調和を図った水辺空間を創出し、迷路性や回遊性を追求した商業施設であり、第Ⅱ期計画では頭部にドームが増築され、第Ⅰ期計画の水平性に対して、強い求心性と垂直性が付加されている。コンクリートブロック造。 ,TI,"TIME’SⅠ,Ⅱ：安藤忠雄",
■都市計画理論,,■都市計画理論,
中世以来の高密度化した市街地の一部を取り壊して直線的な大通りを通し、幹線道路網や道路沿いの景観を整備することで、パリを近代的な都市につくり変えた。 ,パリ,パリ改造計画：ジョルジュ・オースマン,
一部の歴史的建造物を保存しつつ、古い街区や建築物を大規模に取り壊し、幹線道路等を整備したうえで、超高層ビルに建て替える提案をした。 ,パリ,パリのヴォワザン計画：ル・コルビュジエ,
これまでの求心・放射型の都市構造の閉鎖性に対して、東京湾に造成した人工地盤に向かって都市の中枢機能の拡大を可能とする都市構造が提案された。 ,東京,東京計画1960：丹下健三研究室,
■歴史的都市計画,,■歴史的都市計画,
ヒッポダモスの計画による、城壁内全体に格子状に直交道路網を敷設し、都市の中央部に行政・宗教・商業施設を、その南北に住宅地を配した都市である。 ,ミレ,ミレトス(トルコ),
ミケランジェロの計画による、台形状の広場とアプローチとしての大階段、三つのパラッツォを対称的に配置することで、軸線を強調した、バロック的な広場計画の初期の事例である。 パラッツォとは、イタリアの都市の宮殿、庁舎のことです。 ,カン,カンピドーリオ広場(ローマ),
長方形の平面に対し、南北を通る朱雀大路を中心に右京と左京に分かれ、条（東西道路）と坊（南北道路）による格子の街路網をもつ条坊制が敷かれた。 ,条坊,条坊制・平安京(京都),
16世紀末から17世紀にかけて江戸城を中核とする堀の開削や海岸線の埋め立てが行われ、山の手の尾根筋の土地に大名屋敷を配し、谷筋に町人地を設定するなど、起伏に富んだ地形に対応した開発が行われた。 ,江戸,江戸(東京),
ドイツのエンデ・ベックマン建築事務所により、築地・日比谷・霞が関一帯を含む広大な敷地に中央停車場を置き、三角形に構成された大街路や広場を含んだ計画が提案された。 ,官庁,官庁集中計画(東京),
■新都市建設,,■新都市建設,
三つの都市機能（中央官庁街、市政庁、業務商業機能）を三角形の頂点に相当する位置に配置して都心部を構成し、その外側を郊外住宅地とする計画案に基づいている。 ,キャ,キャンベラ(オーストラリア),
ル・コルビュジエの都市計画理念に基づく 格子状に分割した区域（ユニット）と7段階に機能分けした道路網からなる計画案に基づいている。 ,チャ,チャンディガール(インド),
1960年代に首都遷都。内陸部の発展・国土全体の均衡ある発展。ジェット機形の平面形状をもち、機体の胴体に相当する部分を政治的中枢地域、翼に相当する部分を住居地域とする計画案に基づいている。オスカーニーマイヤの公共建築。 ,ブラ,ブラジリア(ブラジル),
ポトマック川から国会議事堂に至る軸に象徴的な役割をもたせ、格子状街路に放射状街路を組み合わせた計画案に基づいている。 ,ワシ,ワシントンD.C.(アメリカ),
フランス革命200年(1989年 )を記念して、9つの再開発事業。ルーブル美術館の大改修やオルセー駅舎の美術館への転用等、拠点整備による都市の再生を進めた。 ,パリ,パリのグラン・プロジェ：フランソワ・ミッテラン大統領らが主導,
■外国のニュータウン,,■外国のニュータウン,
E.ハワード（E.Howard）によって提唱された「田園都市」の考え方がイギリスのニュータウンに実現、反映された。,レッ,レッチワース(イギリス),
パトリック・ゲデスの「保存的外科手術」という概念のもと、都市の歴史性を保存しながら再開発が行われた都市である。,バロ,バローダ(インド), バローダはバドダラと言うこともあります。
近隣住区方式の原則に基づき、明快な住区の段階構成をもつニュータウンの例である。 ,ハー,ハーロウ(イギリス),
近隣住区方式からの脱却を目ざすワンセンター方式によって計画された高密度のニュータウンである。,カン,カンバーノールド(イギリス),
ロンドン市内のテムズ河畔再開発の一環として、G.L.C.（Greater London Council。ロンドン市建設局）の設計によって建設された都市型住宅団地である。 ,テー,テームズ・ミード(イギリス),
イギリス最大級のニュータウンであり、近隣住区論による空間構成を忠実に具体化した計画案に基づいている。 ,ミル,ミルトン・ケインズ(イギリス),
ラドバーン方式は、住宅地計画における人と車を分離する設計手法である。 ,ラド,ラドバーン(アメリカ),
中央部に、自然と調和する「低密度」 。人工池のほとりの高層建築物レストラン等の入るタウンセンター 。人工池を設けたシンボリックな空間。ニュータウン。アルヴァ・アアルトもニュータウンの設計に携わ る。,タピ,タピオラ(フィンランド),
近隣住区方式を採用せず、3差路やY字形の都市内幹線道路を形成し、別系統で歩行者路を立体的に重ね合わせて歩車分離を実施している。 ,トゥ,トゥールーズ・ル・ミレイユ(フランス),
アメリカのスラム問題を解決するために1950年代に建設された低所得者向けの高層大規模集合住宅群。1974年には爆破撤去,プル,プルーイット・アイゴー(アメリカ),
■日本のニュータウン,,■日本のニュータウン,
近隣住区方式による我が国最初の大規模なニュータウンの例 ,千里,千里ニュータウン(大阪府),
テラスハウス、ポイントハウス、フラットなどの住宅をそれぞれの視覚的・機能的特徴をよく発揮するようにグルーピングし、道路や地形も配慮しながら団地全体を構成している。設計は津端修一。,高根,高根台団地(千葉県),
マスタープランにおいて、ニュータウンセンターから枝状に連続するペデストリアンデッキを計画した大規模なニュータウンの例である。ワンセンター方式,高蔵,高蔵寺ニュータウン(愛知県),
近隣住区方式による我が国最大級のニュータウンであり、1住区につき1中学校区を基本とし、各住区に小中学校、幼稚園、保育所、スーパーマーケット等の日常生活に必要な施設を徒歩圏に配置している。,多摩,多摩ニュータウン(東京都),
公園、保存緑地と緑道、歩行者専用道とを結ぶネットワークをもつニュータウンの例である。,港北,港北ニュータウン(神奈川県),
東京への一極集中を緩和するために、職住一体の「田園都市」として構想されたものである。,筑波,筑波研究学園都市(茨城県),
環境デザインに対する関心を高め、都市環境・建築文化等の向上を図るために、「コミッショナー」が設計者を推薦する手法が採用された事業である。,くま,くまもとアートポリス(熊本県),
「パタン・ランゲージ」に範をとった町づくり規範により、歴史的町並みの景観の保全が実践されている。 ,川越,川越一番街(埼玉県),
明治時代に建築された黒漆喰仕上げの建築物を保存・改装し、この建築物を核とした街並み「黒壁スクエア」を中心にして観光振興によるまちづくりを行っている。 ,長浜,長浜市(滋賀県),
北斎館の開館を契機に、「住まいづくりマニュアル」に基づき、町の歴史、風土、特徴を住まいづくりに役立てようとする住民主導のまちづくりを行っている。 ,小布,小布施町(長野県),
持続可能なコンパクトシティの実現を目指し、LRT（Light Rail Transit）を導入することで、公共交通の活性化、公共交通沿線地区への居住促進、中心市街地の活性化等を図っている。 ,富山,富山市(富山県),
「クリエイティブシティ・ヨコハマ」の実現を目指し、歴史的建造物や鉄道高架下等を活用した文化芸術活動を支援するための拠点づくりを行っている。 ,横浜,横浜市(神奈川県),
道路の上空及び路面下において建築物等の整備を一体的に行うことができる「立体道路制度」を活用し、この地域における居住機能や文化・交流機能の導入、業務機能の質の高度化等を図っている。 ,環状,環状第二号線新橋・虎ノ門地区(東京都),
■都市の再生,,■都市の再生,
江戸時代以来の町家を保存し、活用するとともに、耐火煉瓦塀（トンバイ塀 ）の復元や裏通りの整備等のまちづくりを進めている。,有田,有田町(佐賀県),
中町の「こみせ」と呼ばれる降雪や日差しを避けて通れるようにした木造の軒下の歩廊が続く町並みを、伝統的建造物群保存地区に指定し、保存に取り組んでいる。 ,青森,青森県黒石市,
「生涯学習都市宣言」を行い、その一環として官民が協力し、地区計画を定めて掛川城の城下町としての歴史を活かした城下町風まちづくりを推進している。 ,静岡,静岡県掛川市,
本瓦葺塗屋造りの町屋、土蔵造りの蔵、白漆喰になまこ塀が建ち並ぶ倉敷川畔を「美観地区」とし、景観の保全を図っている。 ,岡山,岡山県倉敷市,
防衛を兼ねた城塁型の地割、先が見通せない屈曲した通りが残る武家屋敷群であり、各屋敷の庭園、生垣など自然と調和した景観が形成されている。 ,鹿児,鹿児島県南九州市知覧,
都市再生特別措置法による「都市再生特別地区」は、都市の再生に貢献し、土地の合理的かつ健全な高度利用を図る特別の用途、容積、高さ、配列等の建築物の建築を誘導する必要があると認められる区域について、都市計画に定めることができるものであり、建築物等の誘導すべき用途、建築物の容積率の最高限度及び最低限度、建築物の建蔽率の最高限度等を定める地区です。,北海,北海道札幌市,
タウンマネジメント・プログラムにより、第三セクターを設立し、地域住民や事業者、地権者を主体としたまちづくりが実践されている。 ,香川,香川県高松市,
民間自立型による家守（やもり）事業者の設立や定期的なリノベーションスクールの開催により、遊休不動産を活用した「リノベーションまちづくり」が実践されている。 ,福岡,福岡県北九州市,
シンボル性・公共性が高い歴史的建築物の周辺を、道路の付け替えを行うことで歩行者のための空間とし、軌道で使われていた手加工の敷石を舗装に再利用することで歴史的建築物と調和した景観づくりが行われた。 ,愛媛,愛媛県松山市道後温泉本館周辺地区,
町の基幹産業である木材を活用した住宅の表彰制度や、建築物の屋根や外壁に関する景観条例の制定、教育施設等の公共施設の建て替え、歴史的建築物の改修による景観づくりが行われた。 ,山形,山形県最上郡金山町金山地区,
港湾機能の低下によって衰退したテムズ川沿いの旧港湾地区に複合機能をもたせたプロジェクトである。 ,ドッ,ドックランズ再開発計画(イギリス：ロンドン),
第二次世界大戦とその後の東西分断によって長年更地であった敷地に複合機能をもたせたプロジェクトである。 ,ポツ,ポツダム広場再開発計画(ドイツ：ベルリン),
首都の中心部を貫通する高架道路を撤去し、かつての河川水辺空間を復元させたプロジェクトである。 ,ソウ,清渓川復元事業(チョンゲチョン)(韓国ソウル),
ドゥカーレ宮殿など多くの文化遺産を再利用しながら都市全体を再開発したプロジェクトである。 ,ウル,ウルビーノ都市基本計画(イタリア：ウルビーノ),
炭鉱の産業遺産を再利用しながら都市全体を再開発したプロジェクトである。 ,ツォ,ツォルフェライン炭鉱業遺産群(ドイツ：エッセン),
建築物の高密化と老朽化に伴いスラム化した市街地において、建築物を減築し、病院を図書館へ改築するなどの文化施設の整備により都市再生が行われた。 ,ラバ,ラバル遊歩道(スペイン：バルセロナ),
バスを優先する幹線道路と、その両側に平行する支線道路等、道路の構造を都市計画的に再編し、連結されたバス車両や、プラットホームのある停留所による交通システムが構築された。 ,クリ,クリチバ(ブラジル),
■日本建築史,,■日本建築史,
桁行が7間であるが移建前は5間であり、聖武天皇橘夫人の邸宅の一屋を移して建立したものと考えられている。 ,法隆,法隆寺東院伝法堂(とういん でんぽうどう)(奈良県斑鳩町：いかるがちょう),
寝殿の左右や後ろに造られた独立の住屋は、対屋（たいのや）と呼ばれ、渡殿（わたどの）で連結されている。柱は丸柱 。寝殿の周囲には蔀戸（しとみど）を吊り。床は板敷き。,東三,東三条殿(ひがしさんじょうどの),寝殿造り
銀閣と同じ敷地に建つ。現存最古とされる違い棚と付書院をもつ。四畳半茶室の起源といわれる。 ,慈照,慈照寺東求堂同仁斎(じしょうじ とうぐどう どうじんさい)(京都府),
東福寺の塔頭（たっちゅう）であり、現存する最古の方丈といわれている。塔頭（たっちゅう）とは、大寺の中の小寺のことです。塔頭の中心施設が方丈です。,東福,東福寺竜吟庵(とうふくじ りょうぎんあん)(京都市),
平面は､「匠明」の殿屋集に描かれている「主殿の図」とほぼ同じであり、桃山時代の標準的な武家の住宅の形式を示すものと考えられている。 ,園城,園城寺光浄院客殿(おんじょうじ こうじょういん きゃくでん)(滋賀県),
黒書院には、押板床・違棚・付書院をもつ上段の間がある。 ,二条,二条城二の丸御殿(にのまるごてん),
16世紀に造立された、利休好みの二畳の草庵茶室である。 ,妙喜,妙喜庵待庵(みょうきあん たいあん)(京都府),
17世紀にもと建仁寺内に造立された、大小五つの窓や躙口（にじりぐち）の配置が特徴的な茶室である。織田有楽斎（信長の弟）の茶室 。,如,如庵(じょあん)(愛知県犬山市),
書院風茶室。17世紀に小堀遠州によって造立された、縁先にわたした中敷居の上の障子とその下の開口が特徴的な書院風茶室である。 ,孤篷,孤篷庵忘筌(こほうあん ぼうせん)(京都府),
書院風の茶座敷。大徳寺の書院内にある茶室四畳半台目で、書院と草庵が融合した書院風の茶座敷であり、小堀遠州によって造立されたといわれている。「四畳半台目」の「台目（だいめ）」とは、茶室で使う畳で、長辺が通常の畳のおよそ四分の三の大きさのものを言います。,密,密庵(みったん)(京都市),
17世紀に桂離宮の敷地南端に造立された、茅葺寄棟屋根や深い土庇等の農家風の外観をもつ格式にこだわらない自由な造形の茶室である。 ,笑,笑意軒(しょういけん)(京都市),
小丘を巧みに利用して構築された平山城で、優美な外観が特徴である。 ,姫路,姫路城(兵庫県),平地に建つ城を平城(ひらじろ)、小高い丘に建つ城を平山城(ひらやまじろ)、高い山頂に建つ城を山城(やまじろ)と言います。
敷地内の池に面して建つ3層の楼閣建築であり、左右対称を避けるように3層を中央からずらして配置し、屋根や唐破風を複雑に配した、桃山時代に建てられた数寄屋造りの建築物である。 ,本願,本願寺飛雲閣(ひうんかく)(京都府),
江戸時代に造営された数寄屋風建築の代表例である。 江戸時代における公家の社会においては、王朝文化を反映した別荘等が造営され、その代表例である。皇族の八条宮智仁親王の別荘です。,桂離,桂離宮(かつらりきゅう)(京都市),
3棟からなり、現在の第三屋においては、1階に雅楽の楽器を用いた欄間、2階に縁を配した小部屋が設けられている、江戸時代に建てられた数寄屋風書院造りの建築物である。 ,臨春,臨春閣(りんしゅんかく)(現・神奈川県横浜市三渓園),
農家は、地方により架構や平面が異なり、東北地方の南部曲り家においては、馬を家の中で飼育できるようになっている。L字型平面の民家形式で、主として岩手県に分布し、土間前方に馬屋のために突出部を設けたものをいいます。 南部曲り家として岩手県遠野市の「千葉家」が有名です。,曲り,曲り家(まがりや),
屋根を棟束で支え、柱間が長く、内法高の低い、現存最古級の一つと推定されている民家である。 ,箱木,箱木家住宅(はこぎけじゅうたく)(兵庫県),
江戸時代における商家は、町家の一つであり、今西家（橿原市今井町）のように、表通りに面し、片側が土間で奥に座敷を設けたものがある。 ,今西,今西家住宅(奈良県橿原市今井町),
一般に、妻壁を屋根面より高く突き出し、小屋根を付けた部分のことで、建築物の装飾としてだけではなく、防火性能を兼ね備えている。 ,卯建,卯建(うだつ),
粘土を厚く積み、上に瓦をのせた塀をいい、柱を添えたり、壁面に漆喰を塗り、横筋をつけたりすることが多い。 ,築地,築地塀(ついじべい),
一般に、方形の平瓦を並べ四隅を釘留めし、目地に漆喰を盛り上げた外壁仕上げである。 ,海鼠,海鼠壁(なまこ壁),
河川の氾濫する低湿地帯で、周囲に堤防を築き、集落と耕地を守る水防のための集落形態のことである。 ,輪中,輪中(わじゅう),
平入りで、切妻屋根に堅魚木（かつおぎ）と千木（ちぎ）をもち、柱を全て掘立て柱とした神明造りの例である。東西に隣接する南北に細長い二つの敷地のうち、式年遷宮によって交替で一方の敷地を用いて、造替が繰り返されてきている。,伊勢,伊勢神宮(ないくうしょうでん)(三重県),
切妻造・妻入で、正面の2つの柱間の片方を入口とした左右非対称の形式をもつ、大社造の例である。,出雲,出雲大社(島根県),
切妻造り、妻入りとし、平面は前後に外陣・内陣に分かれ、 前後に細長い形状であり、回り縁・高欄はない。,住吉,住吉大社(大阪府),
切妻造り、妻入り、丹塗りとし、正面柱間は1間のものが多く、土台を設けている。 ,春日,春日大社(奈良県),
切妻造り、平入りの母屋の前に1間の向拝を設け、屋根の前面を葺き下ろしにした流れ造りの例である。 ,下鴨,下鴨神社(しもがも)(賀茂御祖神社),
切妻造り、平入りの形式をもち、前面の屋根を延長して向拝を設けた、流造りの例である。 ,上賀,上賀茂神社(かみがも)(賀茂別雷神社),
独立した前殿と後殿を切妻造り・平入りとし、両殿を相の間でつないだ、八幡造りの建築物である。 ,宇佐,宇佐神宮(うさ じんぐう)(大分県),
神体山とする宮島の弥山（みやま）を祀るために島の海浜に設けられており、本殿は身舎（もや）の前後に庇を付けた両流造りの例である。 ,厳島,厳島神社(いつくしま)(広島県),
本殿と拝殿との間を石の間でつないだ、権現造の例である。 ,日光,日光東照宮(にっこう とうしょうぐう),
重層の入母屋造りの屋根をもち、飛鳥様式で建てられた堂であり、構造上の特徴として、天秤式に釣り合うように計画された雲形組物を有する建築物である。 ,法隆,法隆寺金堂(こんどう),
三手先の組物を用い、裳階（もこし）が付いた三重塔である。 三手先組物の初期で整ってない。裳階：屋根の下の庇状の飾り。,薬師,薬師寺東塔(やくしじ とうとう),
"一重、寄棟造りであり、前面1間を吹放しとしている。 
鬼斗、三手先組物の完成形。",唐招,唐招提寺金堂(とうしょうだいじ こんどう),
一重、入母屋造りであり、桁行5間、梁行3間の母屋の周囲に1間の庇を設けている。 ,新薬,新薬師寺本堂(しんやくしじ ほんどう),
斜面の上に張り出した床を束柱で支えた、懸(かけ)造の例である。 ,東大,東大寺二月堂(とうだいじ にがつどう),
長い束柱（つかばしら）を貫で固めた足代（あししろ）によって、急な崖の上に張り出した床を支える懸造（かけづくり）の建築物である。 ,清水,清水寺本堂(きよみずでら ほんどう),
中堂の左右に重層の翼廊（よくろう）が配置されており、平安時代に建てられた建築物である。 ,平等,平等院鳳凰堂(びょうどういん ほうおうどう)(京都府宇治市),
外観が総漆塗りの金箔押しで仕上げられた方三間の仏堂であり、平安時代に建てられた建築物である。 ,中尊,中尊寺金色堂(ちゅうそんじ こんじきどう)(岩手県),
修験道の道場として山中に営まれた寺院の奥院で、岩山の崖のくぼみにあり、長短の様々な柱を巧みに用いた、平安時代に建てられた懸造りの建築物である。 ,三仏,三仏寺投入堂(さんぶつじ なげいれどう)(鳥取県三朝町),
貫で軸部を水平方向に固め、挿肘木を重ねて軒の荷重を支える大仏様の建築物である。六手先組物。 挿肘木：柱に挿す枕木状の肘木。金剛力士像がある。,東大,東大寺南大門(とうだいじ なんだいもん)(奈良県奈良市),
太い虹梁（こうりょう）と束（つか）を積み重ねて屋根を支える構造の大仏様（天竺様）の建築物である。 ,浄土,浄土寺浄土堂(じょうどじ じょうどどう)(兵庫県小野市),
主体部の柱と裳階の柱を海老虹梁でつなぎ、組物を柱の上のみならず柱と柱の間にも組んで詰組とする禅宗様の建築物である。上部が曲線をなす開口部は火灯（かとう）と呼ばれ、鎌倉時代後半に初めて用いられている。裳階がある。扇垂木。,円覚,円覚寺舎利殿(えんかくじ しゃりでん),
方形造りの舎利殿で、最上層を禅宗様仏堂風、二層を和様仏堂風、初層を住宅風とした三層の建築物である。 ,鹿苑,鹿苑寺舎利殿(ろくおんじ しゃりでん)(金閣寺),
■西洋建築様式,,■西洋建築様式,
古代ギリシャ様式。エンタシスのある柱をもつドリス式の神殿建築である。 ,パル,パルテノン神殿,
古代ローマの建築物である。 レンガとコンクリート等を用いて建造された直径約43mのドームが架けられ、その頂部にある天窓をとおして内部空間に光を取り入れる。,パン,パンテオン(ローマ),
1層目をドリス式、2層目をイオニア式、3層目をコリント式とし、異なるオーダーを装飾的に用いている。 ,コロ,コロッセウム(ローマ),
"ビザンチン様式の建築物である。 ペンデンティヴと呼ばれる技術を用いた巨大なドームが架けられ、キリスト教会堂のバシリカ式と集中式が融合した内部空間をもつ。
バシリカ式（身廊しんろう、側廊そくろう、長方形）。集中式（正方形、多角形）",ハギ,ハギア・ソフィア大聖堂(トルコ),
ビザンチン様式の建築物。ギリシア十字形の集中式の平面に、中央交差部及び十字の各腕（ベイ）の上部にドームをもつ。,サン,サン・マルコ大聖堂(イタリア ヴェネツィア),
平面が八角形の身廊とそれを囲む十六角形の周歩廊があり、身廊の上部にはドーム状のヴォールトをもつ集中式の建築物である。 ロマネスク・ゴシック・古典主義等が混じっている。プレロマネスク建築,アー,アーヘンの宮廷礼拝堂(ドイツ),
イスラム式の宮殿建築で、複数の中庭、アーケード、塔等がある。 ,アル,アルハンブラ宮殿(スペイングラナダ),
紅白縞文様の2段アーチを伴って林立する柱による内部空間をもち、現在はキリスト教文化とイスラム教文化が混在している建築物である。 ,コル,コルドバの大モスク、コルドバのメスキータ(スペイン),
ロマネスク建築。ラテン十字形のプランをもち、会堂部は五廊式、袖廊部は三廊式、交差部に楕円形のドームをもつイタリアのロマネスク建築である。 ,ピサ,ピサ大聖堂(イタリア),
ロマネスク様式。内陣の前に袖廊（トランセプト）を配したラテン十字形の三廊式バシリカの平面に、西面の中央と両端、身廊・側廊と袖廊との交差部、内陣の両側に塔をもつ、ロマネスク様式の建築物である。 ,シュ,シュパイヤー大聖堂(ドイツ),
ロマネスク様式。東西両端にアプスを対置させた二重内陣と身廊の両側に側廊を設けたバシリカ形式で構成され、東西の内陣と交差部とに六つの塔をもつロマネスク様式の建築物である。 ,ヴォ,ヴォルムス大聖堂(ドイツ),
ロマネスク様式の建築物であるが、装飾を排除した、粗い石積みだけの限られた要素で構成されている。 ,ル・,ル・トロネ修道院(フランス),
ゴシック様式。二重周歩廊をめぐらした内陣と階上廊を有する側廊が設けられた五廊式バシリカの平面に、バラ窓や双塔を西面にもつ、ゴシック様式の建築物である。 ,ノー,ノートル・ダム大聖堂(フランス・パリ),
盛期ゴシック建築。フランス最大の大聖堂。身廊部・袖廊部ともに三廊式であり、内陣に周歩廊と放射状祭室とをもつフランスの盛期ゴシック建築である。 ,アミ,アミアン大聖堂(フランス),
多数の小尖塔の外観を特徴とした、ゴシック建築の代表的な建築物である。 ,ミラ,ミラノ大聖堂(イタリア),
世界最大級の石積ドームをもち、外装はピンクや緑の大理石により幾何学模様で装飾され、クーポラとランターンは初期ルネサンス様式、ファサードはネオ・ゴシック様式の建築物である。 ,フィ,フィレンツェ大聖堂(イタリア),
ローマ。ルネサンス建築 。ブラマンテ設計。,テン,テンピエット(イタリア),
ヴィチェンツァ。A.パラディオ設計。ルネサンス建築 。 ,バシ,バシリカ・パラディアーナ（イタリア北部　ヴィチェンツァ）,
巨大なドームや列柱廊を用いた、バロック建築を代表する建築物である。 ,サン,サン・ピエトロ大聖堂(イタリア　バチカン),
広大かつ整然とした幾何学的庭園をもち、宮殿内は「鏡の間」に代表される豪華な室内装飾が随所に施された、バロック様式の建築物である。 ,ヴェ,ヴェルサイユ宮殿,
ロンドン。バロック様式の建築物。,セン,セント・ポール大聖堂(イギリス),
凹凸の湾曲面や曲線が使用されたファサードをもち、内部には楕円形平面のドームが架けられた、バロック様式の建築物である。 ,サン,サン・カルロ聖堂(イタリア),
考古学の成果に基づく古代ギリシアや古代ローマ建築の研究及び正確な理解を通じ、その造形原理の復興を試みた新古典主義を背景としている。 ,大英,大英博物館（イギリス）,
ゴシック様式を復興させたゴシック・リバイバル（ネオ・ゴシック）の代表作で、テムズ川に面した長大なファサードや時計塔など大小の塔による垂直性が特徴的である。 ,ウェ,ウェストミンスター宮殿（イギリス）,
■西洋近代建築史,,■西洋近代建築史,
機械生産による低品質な製品を否定し、工業化社会における芸術性を中世的な手工芸に求めたアーツ・アンド・クラフツ運動を背景としている。 ,レッ,レッド・ハウス(ウィリアム・モリス、フィリップ・ウェッブ),
バルセロナ。アントニオ・ガウディ 。,サグ,サグラダ・ファミリア,
アール・ヌーヴォー。V. オルタ設計。 ,タッ,タッセル邸,
ゼツェッシオン（分離派）。オットー・ヴァグナー設計。,ウィ,ウィーン郵便貯金局(オットー・ヴァグナー),
宿舎兼アトリエ、工房、付属工業学校という三つの機能をそれぞれ独立したブロックにしたことが特徴である。 ,バウ,バウハウス校舎(ワルター・グロピウス),
ドームの構築法であり、モントリオール万国博覧会のアメリカ館では、鋼材の立体トラスとガラスによって巨大な球体のドームを実現させた。 ,ジオ,ジオデシック・ドーム(バックミンスター・フラー),
コンクリートのもつ重量感を巧みに引き出し、彫刻作品を思わせる独創的な建築物である。 ,ロン,ロンシャン教会堂(ル・コルビュジエ),
エーリッヒ・メンデルゾーン設計。表現主義。,アイ,アインシュタイン塔,
結核患者が療養するための病院で、合理的で明快なゾーニングと風土に根ざしたヒューマン・デザインが特徴である。 ,パイ,パイミオのサナトリウム(アルヴァ・アアルト),
長さ約105mの屋根は、4本のY字柱脚に支えられた4枚の鉄筋コンクリート造によるシェルで構成されている。 ,ケネ,ケネディ空港TWAターミナル(エーロ・サーリネン),
鉄筋コンクリート構造による美術館で、ヴォールト屋根の中央のスリットからの自然光を展示室に取り入れている。 ,キン,キンベル美術館(ルイス・カーン),
国際コンペによって選ばれたヨーン・ウツソンが設計したオペラハウスで、円弧のシェル群によるシンボリックな造形が特徴である ,シド,シドニー・オペラハウス(ヨーン・ウツソン構造協力アラップ),
直径約365m・最高高さ約50mの膜構造ドームは、12本のマストの頂部からケーブルで吊られている。 標準時で有名なグリニッジにあり、12本のマストは「時間」と「月」を象徴しています。 ,ミレ,ミレニアムドーム2000(R・ロジャース),
■日本近代建築史,,■日本近代建築史,
アーチや隅石等の洋風の意匠と唐破風等の和風の意匠が混在した擬洋風の建築物である。 ,旧開,旧開智学校校舎(かいち),
木造総2階建てで、中央入口の上部に架かる半円形に張り出したバルコニーをコリント式の柱で支える、明治時代に建てられた洋風の建築物である。 ,豊平,豊平館(ほうへいかん)(北海道),
「日本の住宅」の著者である藤井厚二が設計した自邸で、日本の気候や風土との調和を目指した様々な工夫がなされている。 ,聴竹,聴竹居(ちょうちくきょ)(藤井厚二),
■日本の歴史的建造物の保存・再生,,■日本の歴史的建造物の保存・再生,
明治時代に建てられた煉瓦造（れんがづくり）の洋風建築であり、ファサードの一部を保存し、内部を一新して鉄筋コンクリート造の建築物とすることにより、現在でも郵便局として利用されている。 ,中京,中京郵便局(なかぎょう)(京都府),
国の重要文化財に指定された建築物であり、重要文化財特別型特定街区制度を適用して超高層ビルと一体的に再生され、現在でも銀行やオフィスビルとして利用されている。 ,三井,三井本館(東京都),
国の重要文化財の指定を受けて、使い勝手を向上させながら耐震補強等の改修がなされ、現在では結婚式やパーティーにも利用されている。 ,自由,自由学園明日館(みょうにちかん)(東京都)：フランク・ロイド・ライト,
辰野金吾が設計した赤レンガのファサードをもつ駅舎であり、特例容積率適用区域制度を適用して未利用容積を別の敷地に売却して事業費を捻出し、戦災により焼失した部分の復元を行っている。 ,東京,東京駅丸の内駅舎：辰野金吾,
新たに建てられた商業施設と集合住宅の複合施設「表参道ヒルズ」は、安藤忠雄氏の設計です。その一部の「同潤館」ブロックは、同潤会青山アパートの外観を再現したものになっています。 ,同潤,同潤会青山アパート,
平安博物館として使用されていた旧日本銀行京都支店を、竣工時の姿に復元し、整備したものである。 ,京都,京都文化博物館別館,
明治時代末期から大正時代初期に建築された煉瓦造の倉庫を改修し、文化施設、商業施設として整備したものである。 ,横浜,横浜赤レンガ倉庫,
門司港駅前に広がる明治・大正時代に国際貿易港として栄えた門司港地区の歴史的建造物の修復・復元等を通して、地域の活性化を目的としている。 ,門司,門司港レトロ地区,
免震レトロフィット工法を採用し、竣工時の形を損なうことなく地震に対する安全性を高めている。 ,国立,国立西洋美術館本館：ル・コルビュジェ,
明治時代に建てられた旧帝国図書館を、ガラスボックスなどによる増築、国内初の組積造免震レトロフィット工法の採用などにより、再生・利活用したものである。 ,国立,国立国会図書館・国際子ども図書館(東京都),
明治9年に開設されたビール工場の煉瓦造（れんがづくり）の建築群を保存、再生し、それらを大きなアトリウムや地下通路等で結び付けて複合商業施設としたものである。 ,サッ,サッポロファクトリー(北海道),
連続するのこぎり屋根をもつ平家建ての紡績工場の棟の一部を撤去してできたオープンスペースを中心として、展示施設、ホテル等からなる複合施設にしたものである。 ,倉敷,倉敷アイビースクエア(岡山県倉敷市),
琉球地方独自の文化遺産として2000年にユネスコの世界遺産に登録されている。 ,今帰,今帰仁城跡(なきじんじょう)・首里城跡(しゅりじょう)(沖縄県),
明治時代に近衛師団司令部本館として建てられたレンガ造2階建の建築物を美術館の工芸館として再生したものである。 ,東京,東京国立近代美術館工芸館(東京都千代田区),国立工芸館(東京国立近代美術館工芸館)は、2020年10月に石川県金沢市に移転。
明治時代後期に建てられた木造の「旧陸軍第九師団司令部庁舎」と「旧陸軍金沢偕行社（かいこうしゃ）」を移築、活用し、美術館の工芸館として再生したものである。 ,国立,国立工芸館(石川県),
図書館をギャラリー等からなる芸術文化の複合施設にしたものである。磯崎新氏が設計した大分県立図書館を再生したもの 。 ,アー,アートプラザ(大分県)：磯崎新,
瓦屋根と漆喰（しっくい）壁による純日本風の木造平屋建ての駅舎である。 ,旧大,旧大社駅舎(島根県出雲市),
多世代の居住者が暮らす新たな街に生まれ変わらせる団地再生事業の一つとして、民間事業者が改修工事を行い、団地の一部の住棟をシェアハウスとして再生した。 ,りえ,りえんと多摩平(たまだいら)：設計 都市再生機構(UR都市機構)＋ブルースタジオ,
大正15 年に建築された学生寮を「定期借地権＋コーポラティブ方式」により共同で土地を借り受け、個々に好みの注文を付加しながら造る集合住宅として改修・再生したものである。 ,求道,求道學舎(きゅうどうがくしゃ)(東京都文京区)：改修設計 集工舎建築都市デザイン研究所,
1970年代に建設された工場を、プレキャスト鉄筋コンクリート部材のアウトフレームを用いて耐震改修し、庁舎へ再生させたものである。 ,山梨,山梨市庁舎東棟,
大正から昭和初期に建設された紡績工場の倉庫6棟を改修し、工房、レストラン、オープンスペース等から構成される芸術文化施設へ再生させたものである。 ,金沢,金沢市民芸術村,
民間企業の本社屋として建築された建築物を、耐震補強、設備改修等を行ったうえで、庁舎として再生・転用したものである。 元設計は村野藤吾氏 ,目黒,目黒区総合庁舎,
20世紀初頭に閉鎖された精錬所の遺構を活用し、自然エネルギーを積極的に利用した美術館として保存・再生させたものである。 ,犬島,犬島精錬所美術館(いぬじま)：三分一博志(さんぶいち ひろし),
廃校になった中学校を、アートギャラリーを含む文化施設等として保存・再生させたものである。 ,33,3331ArtsChiyoda：改修設計 佐藤慎也＋メジロスタジオ,
坂倉準三が設計した神奈川県立近代美術館鎌倉館を耐震補強等を行ったうえで、博物館として整備したものである。 ,鎌倉,鎌倉文華館鶴岡ミュージアム(ぶんかかん)：改修設計 丹青研究所、坂倉建築研究所,
百貨店を転用したもので、既存エスカレーターをそのまま活用し、売り場は執務スペースへ、映画館は議場へと改修された。 ,石巻,石巻市庁舎,
民間から購入したテナントビルを本庁舎として改修したもので、回廊状のショッピングモールであった1、2階は区民窓口に、フィットネスクラブが想定されていた最上階は議場等に変更されている。 ,大田,大田区役所本庁舎(東京都大田区),
昭和初期に銀行として建設された既存建築物全体を新築の建築物で覆う「鞘堂（さやどう）」という日本古来の方式により整備したものである。 ,千葉,千葉市美術館(千葉県千葉市),
昭和 30 年代に建設された既存建築物を保存し、意匠的な要素を再現しながら、増築と一部建て替えを行うことで、機能拡充が図られたものである。 ,ロー,ロームシアター京都：基本設計者・監修者 香山壽夫(こうやま ひさお),
■外国の歴史的建造物の保存・再生,,■外国の歴史的建造物の保存・再生,
イギリス。複数の産業・土木遺構を現地で再生して展示し、環境教育の場としている。 ,アイ,アイアンブリッジ渓谷博物館(イギリス),
鉄道の駅舎を印象派の作品を中心とする美術館へ再生させたものである。 ,オル,オルセー美術館(フランス)：改修設計 ガエ・アウレンティ、ジャン＝ミシェル・ヴィルモット、ドミニク・ブラール,
第二次世界大戦後の復興時に建設された火力発電所をモダンアートの美術館へ再生させたものである。 ,テイ,テイト・モダン(イギリス)：改修設計 ヘルツォーク＆ド・ムーロン,
巨大な自動車工場を、見本市会場、音楽ホール、ホテル、会議場等からなる複合施設にしたものである。 ,リン,リンゴット工場再開発(イタリア・トリノ)：改修設計 レンゾピアノ,
歴史的建造物であった古城を市立美術館へ再生させたものである。 ,カス,カステルヴェッキオ美術館(イタリア)：改修設計 カルロ・スカルパ,
1980年に廃線となった貨物列車用の高架線路上を緑道や公園へ再生させたものである。 ,ハイ,ハイライン(アメリカ ニューヨーク),
港湾施設として使用されていたサイロを改修し、集合住宅へ再生させたものである。 ,ジェ,ジェミニ・レジデンス(デンマーク コペンハーゲン)：改修設計 MVRDV,
