【001請負契約】,,【001請負契約】,
"■使用する工事請負契約書、契約約款
・官公庁：建設工事請負契約書（日本建設業団体連合会）、公共工事標準請負契約約款
・民間：工事請負契約書、工事請負契約約款（民間連合協定）",,"■使用する工事請負契約書、契約約款
・官公庁：建設工事請負契約書（日本建設業団体連合会）、公共工事標準請負契約約款
・民間：工事請負契約書、工事請負契約約款（民間連合協定）",
■工事請負契約約款の内容について,,■工事請負契約約款の内容について,
"・監理者に契約締結後、提出するもの
①請負代金内訳書の写し：○○者確認は○要
②工程表の写し：○○者確認は○要",,"・監理者に契約締結後、提出するもの
①請負代金内訳書の写し：監理者確認は必要
②工程表の写し：監理者確認は必要",
"・発注者に書面をもって通知するもの
①○○者、又は、○○者
②○○者",,"・発注者に書面をもって通知するもの
①監理技術者、又は、主任技術者
②専門技術者",
"・工事現場への工事材料、建築設備を持ち出す場合の承認者
○○者承認は○要（委託されてる場合は監理者の承認は必要）",,"・工事現場への工事材料・建築設備を持ち出す場合の承認者
発注者の承認が必要（委託されてる場合は監理者の承認が必要）",
"・現場代理人の権限
請○○の変更、工○○の変更以外、契約に基づく一切の権限を行使できる",,"・現場代理人の権限
請負代金の変更、工期の変更以外、契約に基づく一切の権限を行使できる",
"・請負代金額の変更
原則として、
減少部分は、○○者の確認を受けた請○○書の単価
増加部分は、変更時の○○価による",,"・請負代金額の変更
原則として、
減少部分は、監理者の確認を受けた請求代金内訳書の単価
増加部分は、変更時の時価による",
"・現場代理人、主任技術者、専門技術者
兼任は○○能",,"・現場代理人、主任技術者、専門技術者
兼任可能",
"・検査に合格しなかった工事材料や建築設備は、
○○者の責任において引き取る",,"・検査に合格しなかった工事材料や建築設備は、
受注者の責任において引き取る",
"・設計図書に品質が明示されていない工事材料、建築設備
○○の品質とする",,"・設計図書に品質が明示されていない工事材料、建築設備
中等の品質とする",
"・工事用図書どおりに施工されてない場合
○○者の指示で、○○者が費用を負担し、修補・改造する。（この場合、工期は延長できない）",,"・工事用図書どおりに施工されてない場合
監理者の指示で、受注者が費用を負担し、修補・改造する。（この場合、工期は延長できない）",
"・第三者損害
騒音、振動、地盤沈下、地下水の断絶等、注意を払っても避けられない事象の損害補償は、
○○者が負担する",,"・第三者損害
騒音、振動、地盤沈下、地下水の断絶等、注意を払っても避けられない事象の損害補償は、
発注者が負担する",
"・発注者の部分使用
工事中に発注者が部分使用する場合は、契○○書・設○○書の定めによる。
定めがない場合、○○者の技術的審査後、工期・請求代金等の協議をし、書○○で同意が必要",,"・発注者の部分使用
工事中に発注者が部分使用する場合は、契約書・設計図書の定めによる。
定めがない場合、監理者の技術的審査後、工期・請求代金等の協議をし、書面で同意が必要",
"・工事完了した時の検査
○○者は工事完了時に設計図書とおりに実施されたことを確認し、
○○者に検査立会いを求める。
立会いを委託された○○者は検査に立会う。",,"・工事完了した時の検査
受注者は工事完了時に設計図書とおりに実施されたことを確認し、
発注者に検査立会いを求める。
立会いを委託された監理者は検査に立会う。",
"・契約不適合責任期間
引渡し時検査に契約不適合をただちに請求しなければ、○○者は責任を負わない
一般的な注意の下で発見できなかった契約不適合は、○○者は1年間の責任を負う",,"・契約不適合責任期間
引渡し時検査に契約不適合をただちに請求しなければ、受注者は責任を負わない
一般的な注意の下で発見できなかった契約不適合は、受注者は1年間の責任を負う",
■建築設計・監理等業務委託契約約款について,,■建築設計・監理等業務委託契約約款について,
"・監理業務の指示
○○者は○○者に指示可能
ただし、指示が法令に抵触する場合は、受託者は指示撤回・指示変更を求めることが可能",,"・監理業務の指示
発注者は監理者に指示可能
ただし、指示が法令に抵触する場合は、受託者は指示撤回・指示変更を求めることが可能",
"・監理業務の下請け
○○者が○○者の承諾を得て監理業務を一部下請けに出す場合は、○○者がすべての責任を負う",,"・監理業務の下請け
監理者が発注者の承諾を得て監理業務を一部下請けに出す場合は、受託者（元請）がすべての責任を負う",
"・監理業務の進捗状況の報告、説明
契約に定めがある場合、○○者の請求があれば、報告、説明が必要",,"・監理業務の進捗状況の報告、説明
契約に定めがある場合、発注者の請求があれば、報告、説明が必要",
"・監理業務の中途終了
既に履行した業務の割合に応じて業○○酬を請求できる",,"・監理業務の中途終了
既に履行した業務の割合に応じて業務報酬を請求できる",
"・監理業務の委託者の債務不履行
○○者の債務不履行で損害が発生した場合は、○○者は賠償請求が可能",,"・監理業務の委託者の債務不履行
発注者の債務不履行で損害が発生した場合は、監理者は賠償請求が可能",
【002施工計画】,,【002施工計画】,
■施工計画書の作成と承認,,■施工計画書の作成と承認,
"・施工計画の5項目
品○○、コ○○、工○○、安○○、周○○（QCDSE）",,"・施工計画の5項目
品質、コスト、工期、安全、周辺環境（QCDSE）",
・品質計画は○○者の確認、承認が必要,,品質計画は監理者の確認、承認が必要,
"・施工計画書の内容
①基○○表
②総○○書
③工○○書",,"・施工計画書
①基本工程表
②総合施工計画書
③工種別の施工計画書",
"・①基本工程表のポイント
工事着手前に○○者の承認が必要。
施工図や見本等の承認工程や、検査、立会などの○○程を記載
基本工程表の訂正：大きな設計変更などがあり、施工順序や工期全体に影響がある場合は速やかに訂正。",,"・①基本工程表のポイント
工事着手前に監理者の承認が必要。
施工図や見本等の承認工程や、検査、立会などの日程を記載
基本工程表の訂正：大きな設計変更などがあり、施工順序や工期全体に影響がある場合は速やかに訂正。",
"・②総合施工計画書のポイント
工事敷地内の仮○○材や工○○械の配置、道路や近隣との取り合いを具体的に図面で示す。
設計図書に指定された仮設物がある場合は、その内容を記述し、監理者の承認を得る。（設計図書に記載なければ記載不要。）",,"・②総合施工計画書のポイント
工事敷地内の仮設資材や工事用機械の配置、道路や近隣との取り合いを具体的に図面で示す。
設計図書に指定された仮設物がある場合は、その内容を記述し、監理者の承認を得る。（設計図書に記載なければ記載不要。）",
"・③工種別の施工計画書のポイント
工○○表、品○○書、施○○書、その他必要事項を含む。
現場に合わして、具体的に計画、作成をする。
工事の内容、品質計画に係る部分は、○○者の承認を受ける。
品質管理計画は、○○者の承認を受ける。",,"・③工種別の施工計画書のポイント
工程表、品質管理計画書、施工要領書、その他必要事項を含む。
現場に合わして、具体的に計画、作成をする。
工事の内容、品質計画に係る部分は、監理者の承認を受ける。
品質管理計画は、監理者の承認を受ける。",
"・施工体制台帳のポイント
施工体制台帳を据え置く必要がある工事
　建築一式工事：○○万円以上
　その他の工事：○○万円以上
施工台帳の据え置き期限：○○者に引○○まで",,"・施工体制台帳のポイント
施工体制台帳を据え置く必要がある工事
　建築一式工事：8000万円以上
　その他の工事：5000万円以上
施工台帳の据え置き期限：発注者に引き渡すまで",
■工程計画,,■工程計画,
"・工程表の種類
基○○工程表：特定の部分や職種を限定して記載した工程表
実○○工程表（全体工程表）：工期全体の工程表
※これ内容確認！",,"・工程表の種類
基本工程表：特定の部分や職種を限定して記載した工程表
実施工程表（全体工程表）：工期全体の工程表",
"・工程表の書き方
一般的なのは、ネットワーク工程表。
トータルフロートが最○○のパスのことを、クリティカルパスという。",,"・工程表の書き方
一般的なのは、ネットワーク工程表。
トータルフロートが最小のパスのことを、クリティカルパスという。",
"・工期の短縮しやすい工事、しにくい工事
工期の余裕を充分に見込むべき工事
　土○○事・基○○事・仕○○事
工期短縮が図りやすい工事
　躯○○事
※躯体工事（鉄筋工事、型枠工事、コンクリート工事、鉄骨工事など）は、作業員を多く投入すれば、工期短縮を図りやすい工事。",,"・工期の短縮しやすい工事、しにくい工事
工期の余裕を充分に見込むべき工事
　土工事・基礎工事・仕上工事
工期短縮が図りやすい工事
　躯体工事
※躯体工事（鉄筋工事、型枠工事、コンクリート工事、鉄骨工事など）は、作業員を多く投入すれば、工期短縮を図りやすい工事。",
■品質計画,,■品質計画,
"・品質計画の記載内容
品質管理組織、管理項目と管理値、品質管理実施方法、品質評価方法と管理を外れた場合の処置",,"・品質計画の記載内容
品質管理組織、管理項目と管理値、品質管理実施方法、品質評価方法と管理を外れた場合の処置",
"・コンクリート工事
軽量コンクリートの輸送管の呼び寸法は、○○A以上
フレキシブルホースは直管に対し、圧送負荷を○○倍として計画
打設時、型枠内での、○○流は避ける
SRC梁は、フランジ下に巣（空洞）ができやすい。○○側から打ち込んで噴○○確認する。
コンクリート打込みで隠蔽となる部分は、監理者の承諾を受け、工事写真での記録を残して工事を進める計画とする",,"・コンクリート工事
軽量コンクリートの輸送管の呼び寸法は、125A以上
フレキシブルホースは直管に対し、圧送負荷を2倍として計画
打設時、型枠内での、横流は避ける
SRC梁は、フランジ下に巣（空洞）ができやすい。片側から打ち込んで噴出確認する。
コンクリート打込みで隠蔽となる部分は、監理者の承諾を受け、工事写真での記録を残して工事を進める計画とする",
■安全計画および環境への配慮,,■安全計画および環境への配慮,
"・山留工事
土圧管理の手法：切り梁の○○力を計測して管理
火打材を用いない場合の軸力計測場所：腹起しと切梁の接○○部に土○○計を設置
土圧計の設置個所：各段のX方向、Y方向に○○か所ずつ（単純な矩形の場合）",,"・山留工事
土圧管理の手法：切り梁の軸力を計測して管理
火打材を用いない場合の軸力計測場所：腹起しと切梁の接合部に土圧計を設置
土圧計の設置個所：各段のX方向、Y方向に1か所ずつ（単純な矩形の場合）",
"・仮設工事
乗り入れ構台のスロープ勾配：1/○○～1/○○程度
荷受構台の用途：クレーン、リフト、エレベーターから材料取り込み（※積載荷重に対して十分安全な構造にすれば材料置場も兼用可能）
※ここは問題集から色々ともっと書き加える必要あると思う！！",,"・仮設工事
乗り入れ構台のスロープ勾配：1/10～1/6程度
荷受構台の用途：クレーン、リフト、エレベーターから材料取り込み（※積載荷重に対して十分安全な構造にすれば材料置場も兼用可能）
※ここは問題集から色々ともっと書き加える必要あると思う！！",
【003現場管理】,,【003現場管理】,
■安全衛生管理,,■安全衛生管理,
"・単○○企業で常時○○人以上
安○○者、
衛○○者、
産○○医、
統○○者（※常時○○人以上の場合）
を選任",,"・単一企業で常時50人以上
安全管理者、
衛生管理者、
産業医
統括安全衛生管理者（※常時100人以上の場合）
を選任",
"・複○○企業で常時○○人以上
統○○者（特定元方事業者から。現場所長）
元○○者（特定元方事業者から。次席・副所長）
安○○者（下請事業者から。職長）",,"・複数企業で常時50人以上
統括安全衛生責任者（特定元方事業者から。現場所長）
元方安全衛生管理者（特定元方事業者から。次席・副所長）
安全衛生責任者（下請事業者から。職長）",
"・労働者が常時○○人以上の事業所
安○○会、及び、衛○○会
（または安○○会）
を設ける必要がある",,"・労働者が常時50人以上の事業所
安全員会、及び、衛生委員会
（または安全衛生委員会）
を設ける必要がある",
・作業主任者の種類（作業主任者=職長）,,・作業主任者の種類（作業主任者=職長）,
"作業主任者の「選任」が必要な作業
① 高さに関係なく選任が必要
　・土○○工作業主任者
　・型○○工の組立て等作業主任者
② 高さ○○m以上の場合に選任が必要
　・地○○削作業主任者
③ 高さ○○m以上の場合に選任が必要
　・足○○の組立て等作業主任者
　・建築物の鉄○○の組立て等作業主任者
　・木○○物の組立て作業主任者
　・コンクリート造の工作物の解○○等作業主任者
④ その他
　・石○○作業主任者（石○○(アスベスト)含有量○○％超の建材を扱う作業）
",,"作業主任者の「選任」が必要な作業
① 高さに関係なく選任が必要
　・土止め支保工作業主任者
　・型枠支保工の組立て等作業主任者
② 高さ2m以上の場合に選任が必要
　・地山の掘削作業主任者
③ 高さ5m以上の場合に選任が必要
　・足場の組立て等作業主任者
　・建築物の鉄骨の組立て等作業主任者
　・木造建築物の組立て作業主任者
　・コンクリート造の工作物の解体等作業主任者
④ その他
　・石綿作業主任者（石綿(アスベスト)含有量0.1％超の建材を扱う作業）",
"・作業主任者の「届出」が必要な作業
型枠支保工：高さ○○m以上で届出必要
足場：高さ○○m以上、かつ、○○日以上の設置で届出必要
※吊○○場は、高さに関わらず、必ず、選任+届出必要
※届出先は、労○○署長。届出期限は該当工事開始日の○○日前。",,"・作業主任者の「届出」が必要な作業
型枠支保工：高さ3.5m以上で届出必要
足場：高さ10m以上、かつ、60日以上の設置で届出必要
※吊り足場は、高さに関わらず、必ず、選任+届出必要
※届出先は、労働基準監督署長。届出期限は工事開始日の30日前。",
"■工事請負契約書・設計図書の優先順位
①見○○書（現場説明書、質問回答書含む）
②特○○書
③設○○図
④標○○書",,"■工事請負契約書・設計図書の優先順位
①見積要領書（現場説明書、質問回答書含む）
②特記仕様書
③設計図
④標準仕様書",
■建設業法上の規定,,■建設業法上の規定,
・主任技術者、監理技術者の設置が必要な場合,,・主任技術者、監理技術者の設置が必要な場合,
"すべての現場
元請：金額関係なく、○○者の設置必要（監理技術者の場合兼任OK）
下請：金額関係なく、○○者の設置必要",,"すべての現場
元請：金額関係なく、主任技術者の設置必要（監理技術者の場合兼任OK）
下請：金額関係なく、主任技術者の設置必要",
"「下請契約」の請負代金の額が○○万円以上（建築工事業の場合は○○万円以上）
元請：○○者の設置必要
下請：○○者の設置必要（すべての現場で必要なのと同じ）",,"「下請契約」の請負代金の額が5000万円以上（建築工事業の場合は8000万円以上）
元請：監理技術者の設置必要
下請：主任技術者の設置必要（すべての現場で必要なのと同じ）",
"「請負契約」の請負代金の額が○○万円以上（建築一式工事の場合は○○万円以上）
元請：専任の○○者の設置必要（技術者補を置いた場合は2か所まで兼任可能）
下請：専任の○○者の設置必要",,"「請負契約」の請負代金の額が4500万円以上（建築一式工事の場合は9000万円以上）
元請：専任の監理技術者の設置必要（技術者補を置いた場合は2か所まで兼任可能）
下請：専任の主任技術者の設置必要",
"特定専門工事で元請と下請に合意のあるもの（※これ意味が理解できてないので調べる）
元請：○○者の設置必要
下請：不要",,"特定専門工事で元請と下請に合意のあるもの（※これ意味が理解できてないので調べる）
元請：主任技術者の設置必要
下請：不要",
"・主任技術者と監理技術者の違い。
主任技術者は、資格（二級施工管理技士、二級建築士）or経験年数（大卒+実務3年）でもOK。
監理技術者は、資格（一級施工管理技士や一級建築士）or厳しめな経験年数を持ち、講習を受講し監理技術者証の交付を受けたもの。",,"・主任技術者と監理技術者の違い。
主任技術者は、資格（二級施工管理技士、二級建築士）or経験年数（大卒+実務3年）でもOK。
監理技術者は、資格（一級施工管理技士や一級建築士）or厳しめな経験年数を持ち、講習を受講し監理技術者証の交付を受けたもの。",
■■安全管理,,■■安全管理,
"・労働災害の傾向
死亡者数の割合：全産業中で、建設業が○○%で一番高い。
災害の型：墜落、転落が○○%で多い。（交通事故除く）",,"・労働災害の傾向
死亡者数の割合：全産業中で、建設業が30%で一番高い。
災害の型：墜落、転落が40%で多い。（交通事故除く）",
"・労働災害の用語
労働災害：労働者が業務中に、業務起因で受けた業務上の災害。（物的災害、公衆災害は含まない）
労働者：事業所に使用される者で、賃金を支払われる者。（一○○方は含まない）
休業日数：労働災害や負傷で労働できない日数（○○日であっても休業日数に入る）",,"・労働災害の用語
労働災害：労働者が業務中に、業務起因で受けた業務上の災害。（物的災害、公衆災害は含まない）
労働者：事業所に使用される者で、賃金を支払われる者。（一人親方は含まない）
休業日数：労働災害や負傷で労働できない日数（休日であっても休業日数に入る）",
"労働損失日数：
　死亡：○○日。
　永久一部労働不能：身体障害等級に応じて○○~○○日。（障害等級は労働基準監督署が認定する）
　一時労働不能：休業日数x○○/365",,"労働損失日数：
　死亡：7500日。
　永久一部労働不能：身体障害等級に応じて50~5500日。（障害等級は労働基準監督署が認定する）
　一時労働不能：休業日数x300/365",
重大災害：一時に○○名以上の労働者が死傷、罹病した災害。,,重大災害：一時に3名以上の労働者が死傷、罹病した災害。,
・各種指標,,・各種指標,
"度数率：
死○○数/延○○間x○○万
○○万延べ実労働時間当たりの労働災害による死傷者数。災害発生の頻度を示す。",,"度数率：
死傷者数/延べ実労働時間x100万
100万延べ実労働時間当たりの労働災害による死傷者数。災害発生の頻度を示す。",
"強度率：
延べ労働損失日数/延べ実労働時間x1000
災害の重さの程度を表したもの",,"強度率：
延べ労働損失日数/延べ実労働時間x1000
災害の重さの程度を表したもの",
"年千人率：
1年間の死○○数/1年間の平○○数x1000
1年間の労働者○○人あたりに発生した死傷者数の割合。",,"年千人率：
1年間の死傷者数/1年間の平均労働者数x1000
1年間の労働者1000人あたりに発生した死傷者数の割合。",
■公衆災害防止,,■公衆災害防止,
"・仮囲いのポイント
仮囲い高さ：○○m以上（必要がある場合は○○m以上）とする。
仮囲い下部の隙間：○○木などでふさぐ。",,"・仮囲いのポイント
仮囲い高さ：1.8m以上（必要がある場合は3m以上）とする。
仮囲い下部の隙間：巾木などでふさぐ。",
・ゲートのポイント：※書く,,・ゲートのポイント,
"・防護柵（朝顔）のポイント
設置場所：1段目○○~○○m、2段目○○m以下
設置方法：水平距離○○m以上。水平面との角度○○度以上。厚さ○○mmの鉄板。
設置数：工事場所が○○m以上の場合は○○段以上。○○m以上の場合は○○段以上。
道路（歩道含む）上空に設ける場合、道○○者および警○○長の許可を受ける。",,"・防護柵（朝顔）のポイント
設置場所：1段目4~5m、2段目10m以下
設置方法：水平距離2m以上。水平面との角度20度以上。厚さ1.6mmの鉄板。
設置数：工事場所が10m以上の場合は1段以上。20m以上の場合は2段以上。
道路（歩道含む）上空に設ける場合、道路管理者および警察署長の許可を受ける。",
"・歩道防護構台
雨水は構台上で処理し、水が歩行者に掛からないようにする。
歩行の安全のために照明を設ける
道○○者および警○○長の許可を受ける",,"・歩道防護構台
雨水は構台上で処理し、水が歩行者に掛からないようにする。
歩行の安全のために照明を設ける
道路管理者および警察署長の許可を受ける",
"・工事用メッシュシート
落下物の防護、塗装・粉塵の飛散防止等の目的で、足場等の外面に張る。
メッシュシートの種類（JIS）：防炎○○類、防炎○○類
すべてのはとめ（紐を通す小穴）について、間隔○○cm以下で、隙間やたるみなく足場などに緊結。",,"・工事用メッシュシート
落下物の防護、塗装・粉塵の飛散防止等の目的で、足場等の外面に張る。
メッシュシートの種類（JIS）：防炎1類、防炎2類
すべてのはとめ（紐を通す小穴）について、間隔45cm以下で、隙間やたるみなく足場などに緊結。",
"・工事用垂直ネット
網目寸法：JIS適合した、○○mm以上、○○mm以下のものを利用。",,"・工事用垂直ネット
網目寸法：JIS適合した、13mm以上、15mm以下のものを利用。",
"・防音パネル
足場の○○面に取りつけ。
防音パネルを取り付ける、足場の壁つなぎの取付間隔は、
垂直方向○○m以下、
水平方向○○m以下とする。
（風の影響が大きくなるため）",,"・防音パネル
足場の外面に取りつけ。
防音パネルを取り付ける、足場の壁つなぎの取付間隔は、
垂直方向3.6m以下、
水平方向3.7m以下とする。
（風の影響が大きくなるため）",
・歩行者の安全確保,,・歩行者の安全確保,
"歩行者の通行を制限する場合：
車道とは別に、幅○○m以上、有効高さ○○m以上の歩行者通路を確保する。
特に歩行者が多い箇所は：幅○○m以上とし、交○○員を配置等する。",,"歩行者の通行を制限する場合：
車道とは別に、幅0.9m以上、有効高さ2.1m以上の歩行者通路を確保する。
特に歩行者が多い箇所は：幅1.5m以上とし、交通誘導警備員を配置等する。",
"一般交通を制限する場合：
制限後1車線となる場合は車道幅員○○m以上。
2車線となる場合は車道幅員○○m以上としなければならない。
制限後1車線、往復の交互交通にする場合、その区間はできる限り短くし、交通渋滞しないよう、原則として交○○員を配置する。",,"一般交通を制限する場合：
制限後1車線となる場合は車道幅員3m以上。
2車線となる場合は車道幅員5.5m以上としなければならない。
制限後1車線、往復の交互交通にする場合、その区間はできる限り短くし、交通渋滞しないよう、原則として交通誘導警備員を配置する。",
・騒音、粉塵の防止,,・騒音、粉塵の防止,
・排水,,・排水,
■作業主任者,,■作業主任者,
"危険有害な作業で、特別の管理が必要な作業に選任が必要。
①土○○工：切梁、腹起。高さ○○、選任。
②型○○工の組立て等：解体。高さ○○、選任。
③地○○削作業：掘削面の高さ○○m以上。
④足○○の組立等：高さ○○m以上。
⑤建○○等の組立て等：高さ○○m以上。
⑥木○○物の組立て等：高さ○○m以上。
⑦コンクリート造の工作物の解○○等：高さ○○m以上。
⑧酸素欠乏危険：
⑨有機溶剤：有機溶剤を○○%を超えて含有するもの。
⑩石綿：石綿をその重量の○○%超えて含有するもの。
⑪はい作業：高さが○○m以上。（はい作業：荷の積上げ、積崩し）
⑫金属アーク溶接等：",,"危険有害な作業で、特別の管理が必要な作業に選任が必要。
①土止め支保工：切梁、腹起。高さ関係なく、選任。
②型枠支保工の組立て等：解体。高さ関係なく、選任。
③地山の掘削作業：掘削面の高さ2m以上。
④足場の組立等：高さ5m以上。
⑤建築物等の組立て等：高さ5m以上。
⑥木造建築物の組立て等：高さ5m以上。
⑦コンクリート造の工作物の解体等：高さ5m以上。
⑧酸素欠乏危険：
⑨有機溶剤：有機溶剤を5%を超えて含有するもの。
⑩石綿：石綿をその重量の0.1%超えて含有するもの。
⑪はい作業：高さが2m以上。（はい作業：荷の積上げ、積崩し）
⑫金属アーク溶接等：",
"・作業主任者の選任のポイント
作業の区分に応じて、免許を受けた者、技能講習修了者から選ぶ
同一作業場所で作業主任者を○○人以上を選任した時は、職務分担を定める必要がある。
関係労働者に、作業主任者の氏名、作業主任者に行わせる事項を、周知する必要がある。",,"・作業主任者の選任のポイント
作業の区分に応じて、免許を受けた者、技能講習修了者から選ぶ
同一作業場所で作業主任者を2人以上を選任した時は、職務分担を定める必要がある。
関係労働者に、作業主任者の氏名、作業主任者に行わせる事項を、周知する必要がある。",
■足場の安全管理,,■足場の安全管理,
"・足場の種類
本足場
　単○○足場
　枠○○足場
一○○足場
吊○○足場
機○○足場
その他
　ロ○○タワー
　脚○○足場",,"・足場の種類
本足場
　単管足場
　枠組足場
一側足場
吊り足場
機械足場
その他
　ローリングタワー
　脚立足場",
"・枠組足場のポイント
建枠の間隔（主枠間の間隔）：けた行方向に○○m以下。
建枠の最下端：ジ○○金具
壁つなぎの間隔：
通常：水平方向○○m以下、垂直方向○○m以下
防音パネル取付時：水平方向○○m以下、垂直方向○○m以下
枠組足場の高さ制限：○○m（単管足場は○○mか○○m）
「交差筋交い+高さ○○cm~○○cmに中桟or高さ○○cm以上の幅木」。または、「手すり枠」。",,"・枠組足場のポイント
建枠の間隔（主枠間の間隔）：けた行方向に1.85m以下。
建枠の最下端：ジャッキ形ベース金具
壁つなぎの間隔：
通常：水平方向8m以下、垂直方向9m以下
防音パネル取付時：水平方向3.7m以下、垂直方向3.6m以下
枠組足場の高さ制限：45m（単管足場は31mか22m）
「交差筋交い+高さ15cm~40cmに中桟or高さ15cm以上の幅木」。または、「手すり枠」。",
"・単管足場のポイント
建地の間隔：桁行方向○○m以下。はり間方向○○m以下。
建地の最下端：べ○○金具。根○○設ける。
地上第一の布：地上より○○m以下。
壁つなぎ間隔：水平方向○○m以下、垂直方向○○m以下。
建地間の積載荷重：○○㎏以下とする。",,"・単管足場のポイント
建地の間隔：桁行方向1.85m以下。はり間方向1.5m以下。
建地の最下端：ベース金具。根がらみ設ける。
地上第一の布：地上より2m以下。
壁つなぎ間隔：水平方向5.5m以下、垂直方向5m以下。
建地間の積載荷重：400㎏以下とする。",
"・吊り足場のポイント
作業床は幅○○cm以上とし、かつ、隙間がないようにする。
吊り材の安全係数：
　吊り足場の吊りワイヤーロープ：安全係数○○以上
　吊り足場の吊り鎖：安全係数○○以上
※クレーン等の玉掛け用ワイヤーロープ：安全係数○○以上。
※杭打機等の巻き上げようワイヤーロープ：安全係数○○以上。",,"・吊り足場のポイント
作業床は幅40cm以上とし、かつ、隙間がないようにする。
吊り材の安全係数：
　吊り足場の吊りワイヤーロープ：安全係数10以上
　吊り足場の吊り鎖：安全係数5以上
※クレーン等の玉掛け用ワイヤーロープ：安全係数6以上。
※杭打機等の巻き上げようワイヤーロープ：安全係数6以上。",
"・ローリングタワーのポイント
作業床の周囲は高さ○○cm以上の手すり。高さ○○cm～○○cmに中残。高さ○○cm以上の巾木。
作業員を載せたまま移動禁止。
移動時以外は、車輪にロ○○を掛ける。",,"・ローリングタワーのポイント
作業床の周囲は高さ90cm以上の手すり。高さ35cm～50cmに中残。高さ10cm以上の巾木。
作業員を載せたまま移動禁止。
移動時以外は、車輪にロックを掛ける。",
"・脚立足場（うま足場）のポイント
○○点で支持。
足場板高さ：○○m未満
支持点からの突き出し長さ：○○～○○cm。",,"・脚立足場（うま足場）のポイント
3点で支持。
足場板高さ：2m未満
支持点からの突き出し長さ：10～20cm。",
"・足場共通のポイント
作業床：幅○○cm以上、
床材間の隙間○○cm以下、
床材と建地との隙間○○cm未満。（※吊り足場の場合、隙間無し）",,"・足場共通のポイント
作業床：幅40cm以上、
床材間の隙間3cm以下、
床材と建地との隙間12cm未満。（※吊り足場の場合、隙間無し）",
"・通路の手すり、床等のポイント
鉄骨上通路：
　手すり高さ○○cm以上。
　中桟必要
　幅木（高さ○○cm以上）が必要。
　幅○○cm以上（手すりの内側の有効幅で。）
切梁上通路：
　手すり高さ○○cm以上。
　中桟必要
　幅木（高さ○○cm以上）が必要。
　隙間○○cm以下。",,"・通路の手すり、床等のポイント
鉄骨上通路：
　手すり高さ95cm以上。
　中桟必要
　幅木（高さ10cm以上）が必要。
　幅60cm以上（手すりの内側の有効幅で。）
切梁上通路：
　手すり高さ95cm以上。
　中桟必要
　幅木（高さ10cm以上）が必要。
　隙間3cm以下。",
■事業者の責務（労働安全衛生規則）,,■事業者の責務（労働安全衛生規則）,
"・教育の種類
雇い入れ時等教育
特別教育：※他にも書く
技能教習：機体重量○○t以上の運転業務。※ほかにも書く。",,"・教育の種類
雇い入れ時等教育
特別教育：※他にも書く
技能教習：機体重量3t以上の運転業務。※ほかにも書く。",
・墜落防止、落下防止,,・墜落防止、落下防止,
"・立入禁止
軒の高さが○○m以上の木造建築物の構造部材の組立、外壁下地の取付けの作業範囲
高さ○○m以上の足場の組立・解体の作業範囲
高さ○○m以上の鉄骨の組立の作業範囲
高さ○○m以上のコンクリート造の解体の作業範囲
作業構台の組立・解体の作業範囲
型枠支保工の組立・解体の作業範囲
クレーンの吊り荷の下",,"・立入禁止
軒の高さが5m以上の木造建築物の構造部材の組立、外壁下地の取付けの作業範囲
高さ2m以上の足場の組立・解体の作業範囲
高さ5m以上の鉄骨の組立の作業範囲
高さ5m以上のコンクリート造の解体の作業範囲
作業構台の組立・解体の作業範囲
型枠支保工の組立・解体の作業範囲
クレーンの吊り荷の下",
・点検,,・点検,
・悪天候、異常時対応,,・悪天候、異常時対応,
"悪天候の定義
強風：10分間平均風速○○m/s以上
大雨：1回の降雨量が○○mm以上
大雪：1回の積雪量が○○cm以上
暴風：瞬間風速が○○m/s以上
中震：震度○○以上",,"悪天候の定義
強風：10分間平均風速10m/s以上
大雨：1回の降雨量が50mm以上
大雪：1回の積雪量が25cm以上
暴風：瞬間風速が30m/s以上
中震：震度4以上",
"・悪天候、異常時対応のポイント
高さが○○m以上の箇所での作業：強風、大雨、大雪などの悪天候が予想される時、作業NG
足場での作業前に点○○が必要な時：悪天候、中震後に足場の点○○必要。
移動式クレーン：強風で危険な場合は、作業中止。ジブの位置を固定させるなどのクレーン転○○置をとる。",,"・悪天候、異常時対応のポイント
高さが2m以上の箇所での作業：強風、大雨、大雪などの悪天候が予想される時、作業NG
足場での作業前に点検が必要な時：悪天候、中震後に足場の点検必要。
移動式クレーン：強風で危険な場合は、作業中止。ジブの位置を固定させるなどのクレーン転倒防止措置をとる。",
・その他事業者の責務。,,・その他事業者の責務。,
・特定元方事業者の責務,,・特定元方事業者の責務,
■事業者の責務（建設機械、クレーン）,,■事業者の責務（建設機械、クレーン）,
■事業者の責務（酸欠・有機溶剤）,,■事業者の責務（酸欠・有機溶剤）,
"■工具類の携帯に関する法律。
火薬取締法：びょう打ち機（火薬式）
軽犯罪法：ガラス切り
ピッキング防止法：
所持：特殊開錠用具（ピッキング用具、サムターン回し）
正当な理由なしの場合：マイナスドライバー、バール、ドリル。
銃刀法：正当な理由なく刃渡り6cm以上の刃物の携帯。",,"■工具類の携帯に関する法律。
火薬取締法：びょう打ち機（火薬式）
軽犯罪法：ガラス切り
ピッキング防止法：
所持：特殊開錠用具（ピッキング用具、サムターン回し）
正当な理由なしの場合：マイナスドライバー、バール、ドリル。
銃刀法：正当な理由なく刃渡り6cm以上の刃物の携帯。",
【004品質・材料管理】,,【004品質・材料管理】,
■品質管理,,■品質管理,
・デミングサークル：PDCA,,・デミングサークル：PDCA,
"・QCの7つ道具：
①パ○○
②特○○
③ヒ○○
④チ○○
⑤グ○○
⑥散○○
⑦管○○",,"・QCの7つ道具：
①パレート図
②特性要因図
③ヒストグラム
④チェックシート
⑤グラフ
⑥散布図
⑦管理図",
■材料管理,,■材料管理,
"・鋼材の検査方法
現物のチェック方法：
ラベル又はステンシル又はプリントマーク、端面塗色、ヘッドマーク（高力ボルト） 、包装・箱
書類のチェック方法：
納品書、原品証明書またはミルシート原本
ラベル、ミルシート
https://mikao-investor.com/2020/02/22/mill_sheet/
端面塗色
https://www.nikkenren.com/kenchiku/sekou/steel_frame_Q&A/A-2-4.pdf",,"・鋼材の検査方法
現物のチェック方法：
ラベル又はステンシル又はプリントマーク、端面塗色、ヘッドマーク（高力ボルト） 、包装・箱
書類のチェック方法：
納品書、原品証明書またはミルシート原本
ラベル、ミルシート
https://mikao-investor.com/2020/02/22/mill_sheet/
端面塗色
https://www.nikkenren.com/kenchiku/sekou/steel_frame_Q&A/A-2-4.pdf",
・鉄筋材料の検査方法,,・鉄筋材料の検査方法,
"現物のチェック方法：
1束ごとの表示タグ、圧延マーク
※圧延マークの見分け方は書いた方がいいかも。",,"現物のチェック方法：
1束ごとの表示タグ、圧延マーク
※圧延マークの見分け方は書いた方がいいかも。",
"書類のチェック方法：
納品書、原品証明書またはミルシート原本",,"書類のチェック方法：
納品書、原品証明書またはミルシート原本",
"■材料の取り扱い
・鉄筋：浮いていない○○は問題なし。（コンクリートとの付着に影響なし）
・塗料：塗料が付着した布片で引火の恐れがあるものは、○○の入った金属製の容器に入れておき、作業終了後分別して処理する。
・耐火被覆：RW吹付工法の測定用コア採取は床面積○○m2毎に各部位1回。1回につき○○個とする。
・セメント板、ALC板：欠けがあっても、使用上支障ない範囲だったら補修して利用可能。",,"■材料の取り扱い
・鉄筋：浮いていない赤錆は問題なし。（コンクリートとの付着に影響なし）
・塗料：塗料が付着した布片で引火の恐れがあるものは、水の入った金属製の容器に入れておき、作業終了後分別して処理する。
・耐火被覆：RW吹付工法の測定用コア採取は床面積1500m2毎に各部位1回。1回につき5個とする。
・セメント板、ALC板：欠けがあっても、使用上支障ない範囲だったら補修して利用可能。",
■材料の保管方法,,■材料の保管方法,
"既成コンクリート杭：まくら材は杭長の1/○○に配置。
まくら材上1段・移動止めくさび。
2段にできるのは、同径で1段目のまくら材を同一鉛直面に配置した時。",,"既成コンクリート杭：まくら材は杭長の1/5に配置。
まくら材上1段・移動止めくさび。
2段にできるのは、同径で1段目のまくら材を同一鉛直面に配置した時。",
"SL杭（負の摩擦力対応杭）：
長期間の保管は○○
（塗布された特殊アスファルトが、流動変形、損傷するおそれがあるため）",,"SL杭（負の摩擦力対応杭）：
長期間の保管はNG
（塗布された特殊アスファルトが、流動変形、損傷するおそれがあるため）",
"コンクリートブロック：
雨水を吸水しないよう養生。
積み上げ高さ○○m以下。",,"コンクリートブロック：
雨水を吸水しないよう養生。
積み上げ高さ1.6m以下。",
"鉄筋：
角材により地面から○○㎝以上離して保管。
シート等で覆い。",,"鉄筋：
角材により地面から10㎝以上離して保管。
シート等で覆い。",
"型枠用合板：
直○○をさける。
シートなどで覆い。（コンクリート表面硬化不良防止）",,"型枠用合板：
直射日光をさける。
シートなどで覆い。（コンクリート表面硬化不良防止）",
"高力ボルト：
乾燥場所に箱ごと保管（○○～○○段）。
施工直前開封。",,"高力ボルト：
乾燥場所に箱ごと保管（3～5段）。
施工直前開封。",
"溶接棒：
吸○○しないように常に乾燥させて保管。
吸湿疑い→乾燥器で再乾燥。",,"溶接棒：
吸湿しないように常に乾燥させて保管。
吸湿疑い→乾燥器で再乾燥。",
"アセチレンガスボンベ：
転○○のおそれないよう立て置き。",,"アセチレンガスボンベ：
転倒のおそれないよう立て置き。",
"耐火被覆材：
吸○○、汚○○を避ける。
シートなどで覆う。",,"耐火被覆材：
吸湿、汚染を避ける。
シートなどで覆う。",
"セメント：
床を地面から○○㎝以上高くした倉庫に保管。",,"セメント：
床を地面から30㎝以上高くした倉庫に保管。",
"板ガラス：
湿○○を避け、室内で○○かけ（裸台車のままOK）",,"板ガラス：
湿気を避け、室内で立てかけ（裸台車のままOK）",
"断熱材（ボード状）：
直○○避ける
屋内
平積み。",,"断熱材（ボード状）：
直射日光避ける
屋内
平積み。",
"可燃性塗料：
離隔距離○○m、
不燃材、
独立平屋建。",,"可燃性塗料：
離隔距離1.5m、
不燃材、
独立平屋建。",
"ホルムアルデヒドの放散等級の異なる材料
等級が異なるものは○○保管
風○○に留意必要",,"ホルムアルデヒドの放散等級の異なる材料
等級が異なるものは分けて保管
風通しに留意必要",
"ALCパネル：
積置き高さ：
1段の高さ○○m以下とし、
2段まで（総高さ○○m以下）",,"ALCパネル：
積置き高さ：
1段の高さ1m以下とし、
2段まで（総高さ2m以下）",
"押出成形セメント板：
積置き高さ：
○○m以下。
○○段まで。（ALCに比べ重たい！）",,"押出成形セメント板：
積置き高さ：
1m以下。
1段まで。（ALCに比べ重たい！）",
"プレキャスト部材：
積置き高さ：
床部材○○段まで、
柱部材○○段まで",,"プレキャスト部材：
積置き高さ：
床部材6段まで、
柱部材2段まで",
"フローリング：
シートを敷き、角材上。",,"フローリング：
シートを敷き、角材上。",
"袋入りアスファルト：
○○段以下。
荷崩れ注意。
屋外の場合、雨土砂よけシート掛け",,"袋入りアスファルト：
10段以下。
荷崩れ注意。
屋外の場合、雨土砂よけシート掛け",
・ロール状の材料の保管,,・ロール状の材料の保管,
"ロール状の材料：原則、縦置き。
　ア○○
　壁○○
　ビ○○",,"ロール状の材料：原則、縦置き。
　アスファルトルーフィング
　壁紙
　ビニル床シート",
"ロール状で横置き：
ロ○○だけ。
　ロールカーペット：○○～○○段の俵積み（たわらづみ）ロールカーペットは長いので倒れると危険。また、巻き癖も取りやすい",,"ロール状で横置き：ロールカーペットだけ。
　ロールカーペット：2～3段の俵積み（たわらづみ）ロールカーペットは長いので倒れると危険。また、巻き癖も取りやすい",
・建具の保管,,・建具の保管,
"建具は：原則○○かけ（○○置き）。
　木製建具の障子・襖(ふすま)
　アルミサッシ
　板ガラス
建具で横置きなのは：○○戸だけ。
　木製建具の○○戸",,"建具は：原則立てかけ（縦置き）。
　木製建具の障子・襖(ふすま)
　アルミサッシ
　板ガラス
""建具で横置きなのは：フラッシュ戸だけ。
　木製建具のフラッシュ戸""",
"■特定建設資材
・建設リサイクル法（建設工事に係る資材の再資源化等に関する法律）
・リサイクルを図るべきもの
（例）
　・コンクリート
　・コンクリート及び鉄からなる建設資材
　・木材
　・アスファルト・コンクリート
　　（道路舗装の材料。一般のコンクリートのセメントの代わりにアスファルトを用いたもの。）",,"■特定建設資材
　・建設リサイクル法（建設工事に係る資材の再資源化等に関する法律）
　・リサイクルを図るべきもの
　（例）
　　・コンクリート
　　・コンクリート及び鉄からなる建設資材
　　・木材
　　・アスファルト・コンクリート
　　　（道路舗装の材料。一般のコンクリートのセメントの代わりにアスファルトを用いたもの。）",
"■特別管理産業廃棄物
　・廃棄物処理法（廃棄物の処理及び清掃に関する法律）
　・爆発性、毒性等があり、人の健康被害等を生ずるおそれがある廃棄物
　（例）
　　・廃PCB
　　・廃アスベスト（廃石綿）",,"■特別管理産業廃棄物
　・廃棄物処理法（廃棄物の処理及び清掃に関する法律）
　・爆発性、毒性等があり、人の健康被害等を生ずるおそれがある廃棄物
　（例）
　　・廃PCB
　　・廃アスベスト（廃石綿）",
【005申請・届け出】,,【005申請・届け出】,
■届け出の種類,,■届け出の種類,
"・建築基準法に関連する手続き
①建築確○○申請：
時期：着○○前、
提出者：○○主、
提出先：建○○事・指○○機関",,"・建築基準法に関連する手続き
①建築確認申請：
時期：着工前、
提出者：建築主、
提出先：建築主事・指定確認検査機関",
"・建築基準法に関連する手続き
②中○○検査申請：
時期：特定工程後の○○日以内、
提出者：建○○主、
提出先：建○○事・指○○機関",,"・建築基準法に関連する手続き
②中間検査申請：
時期：特定工程後の4日以内、
提出者：建築主、
提出先：建築主事・指定確認検査機関",
"・建築基準法に関連する手続き
③完○○検査申請：
時期：完了後○○日以内、
提出者：建○○主、
提出先：建○○事・指○○機関",,"・建築基準法に関連する手続き
③完了検査申請：
時期：完了後4日以内、
提出者：建築主、
提出先：建築主事・指定確認検査機関",
"・建築基準法に関連する手続き
④仮○○申請：
時期：使○○前、
提出者：建○○主、
提出先：建○○事・指○○機関",,"・建築基準法に関連する手続き
④仮使用申請：
時期：使用前、
提出者：建築主、
提出先：建築主事・指定確認検査機関",
"・建築基準法に関連する手続き
⑤安○○上措置等に関連する計画届：
時期：事前、
提出者：建○○主、
提出先：特○○庁",,"・建築基準法に関連する手続き
⑤安全上措置等に関連する計画届：
時期：事前、
提出者：建築主、
提出先：特定行政庁",
"・労働安全衛生法などに関連する手続き
①建設物・機械等設置届：
型枠支保工（○○m以上）、足場（○○m以上）：
時期：工事開始日の○○日前まで、
提出者：事○○者、
提出先：労○○長",,"・労働安全衛生法などに関連する手続き
①建設物・機械等設置届
型枠支保工（3.5m以上）、足場（10m以上）
時期：工事開始日の30日前まで、
提出者：事業者、
提出先：労働基準監督署長",
"・労働安全衛生法などに関連する手続き
②クレーン設置届：
吊り上げ荷重○○t以上：
時期：工事開始日の○○日前まで、
提出者：事○○者、
提出先：労○○長",,"・労働安全衛生法などに関連する手続き
②クレーン設置届：
吊り上げ荷重3t以上
時期：工事開始日の30日前まで、
提出者：事業者、
提出先：労働基準監督署長",
"・労働安全衛生法などに関連する手続き
③エレベーター設置届：
積載荷重○○t以上：
時期：工事開始日の○○日前まで、
提出者：事○○者、
提出先：労○○長",,"・労働安全衛生法などに関連する手続き
③エレベーター設置届：
積載荷重1t以上
時期：工事開始日の30日前まで、
提出者：事業者、
提出先：労働基準監督署長",
"・労働安全衛生法などに関連する手続き
④建設用リフト設置届：
ガイドレール高さ○○m以上、積載荷重○○t以上：
時期：工事開始日の○○日前まで、
提出者：事○○者、
提出先：労○○長",,"・労働安全衛生法などに関連する手続き
④建設用リフト設置届：ガイドレール高さ18m以上、積載荷重0.25t以上
時期：工事開始日の30日前まで、
提出者：事業者、
提出先：労働基準監督署長",
"・労働安全衛生法などに関連する手続き
⑤建設業などの付属寄宿舎の設置届：
時期：工事開始日の○○日前まで、
提出者：使○○者、
提出先：労○○長",,"・労働安全衛生法などに関連する手続き
⑤建設業などの付属寄宿舎の設置届：
時期：工事開始日の14日前まで、
提出者：使用者、
提出先：労働基準監督署長",
"・労働安全衛生法などに関連する手続き
⑥建設工事計画届：
高さ○○m超の建築物、地山の掘削（高さ深さ○○m以上）、石○○等の除却作業：
時期：工事開始日の○○日前まで、
提出者：事○○者、
提出先：労○○長",,"・労働安全衛生法などに関連する手続き
⑥建設工事計画届：
高さ31m超の建築物、地山の掘削（高さ深さ10m以上）、石綿等の除却作業
時期：工事開始日の14日前まで、
提出者：事業者、
提出先：労働基準監督署長",
"・労働安全衛生法などに関連する手続き
⑦選任報告：
統括安全衛生責任者、安全管理者、衛生管理者。：
時期：選任すべき事由が発生した日から○○日以内選任後遅滞なく。
提出者：事○○者、
提出先：労○○長",,"・労働安全衛生法などに関連する手続き
⑦選任報告：
統括安全衛生責任者、安全管理者、衛生管理者。：
時期：選任すべき事由が発生した日から14日以内選任後遅滞なく。
提出者：事業者、
提出先：労働基準監督署長",
"・労働安全衛生法などに関連する手続き
⑧特定元方事業者の事業開始報告：
時期：工○○なく。
提出者：特○○者
提出先：労○○長",,"・労働安全衛生法などに関連する手続き
⑧特定元方事業者の事業開始報告：
時期：工事開始後延滞なく。
提出者：特定元方事業者。
提出先：労働基準監督署長",
"・労働安全衛生法などに関連する手続き
⑨共同企業体代表者届：
時期：工事開始日の○○日前まで、
提出者：事○○者、
提出先：都○○長。",,"・労働安全衛生法などに関連する手続き
⑨共同企業体代表者届：
時期：工事開始日の14日前まで、
提出者：事業者、
提出先：都道府県労働局長。",
"・建設工事に伴う関係手続
①建築工事届：
床面積○○m2超。：
時期：着○○。
提出者：○○主。
提出先：都○○事。",,"・建設工事に伴う関係手続
①建築工事届：
床面積10m2超。：
時期：着工前。
提出者：建築主。
提出先：都道府県知事。",
"・建設工事に伴う関係手続
②建築除却届：
床面積○○m2超。：
時期：着○○。
提出者：○○者。
提出先：都○○事。",,"・建設工事に伴う関係手続
②建築除却届：
床面積10m2超。：
時期：着工前。
提出者：施工者。
提出先：都道府県知事。",
"・建設工事に伴う関係手続
③特定粉じん排出等作業実施届：
時期：作業開始の○○日前。
提出者：○○者。
提出先：都○○事。",,"・建設工事に伴う関係手続
③特定粉じん排出等作業実施届：
時期：作業開始の14日前。
提出者：発注者。
提出先：都道府県知事。",
"・建設工事に伴う関係手続
④特定建材資材の対象建設工事の届出：
時期：作業開始前の○○日前。
提出者：○○者または○○主。
提出先：都○○事。",,"・建設工事に伴う関係手続
④特定建材資材の対象建設工事の届出：
時期：作業開始前の7日前。
提出者：発注者または自主施工主。
提出先：都道府県知事。",
"・建設工事に伴う関係手続
⑤産業廃棄物管理表交付等状況報告書：
時期：指定の時期。
提出者：○○主。
提出先：都○○事。",,"・建設工事に伴う関係手続
⑤産業廃棄物管理表交付等状況報告書：
時期：指定の時期。
提出者：工事主。
提出先：都道府県知事。",
"・建設工事に伴う関係手続
⑥宅地造成等工事許可申請書：
時期：着○○。
提出者：○○者。
提出先：都○○事。",,"・建設工事に伴う関係手続
⑥宅地造成等工事許可申請書：
時期：着工前。
提出者：設置者。
提出先：都道府県知事。",
"・建設工事に伴う関係手続
⑦危険物貯蔵所設置許可申請書：
時期：設○○。
提出者：○○者。
提出先：都○○事（消防署を置く市町村であれば、市○○長）。",,"・建設工事に伴う関係手続
⑦危険物貯蔵所設置許可申請書：
時期：設置前。
提出者：設置者。
提出先：都道府県知事（消防署を置く市町村であれば、市町村長）。",
"・建設工事に伴う関係手続
⑧特定建設作業実施届出書：
騒音規制法/振動規制法に基づく作業。
時期：作業開始の○○日前。
提出者：○○者。
提出先：市○○長。",,"・建設工事に伴う関係手続
⑧特定建設作業実施届出書：
騒音規制法/振動規制法に基づく作業。
時期：作業開始の7日前。
提出者：施工者。
提出先：市町村長。",
"・道路に関連する手続き
①道路使用許可申請書：
一時的使用。
時期：着○○。
提出者：○○者。
提出先：警○○長。",,"・道路に関連する手続き
①道路使用許可申請書：
一時的使用。
時期：着工前。
提出者：施工者。
提出先：警察署長。",
"・道路に関連する手続き
②道路占用許可申請書：
継続的使用。
時期：着○○。
提出者：○○者。
提出先：道○○者。",,"・道路に関連する手続き
②道路占用許可申請書：
継続的使用。
時期：着工前。
提出者：施工者。
提出先：道路管理者。",
"・道路に関連する手続き
③道路工事施工承認申請書：
歩道の切下げなどを行う場合。
時期：着○○。
提出者：○○者。
提出先：道○○者。",,"・道路に関連する手続き
③道路工事施工承認申請書：
歩道の切下げなどを行う場合。
時期：着工前。
提出者：施工者。
提出先：道路管理者。",
"・道路に関連する手続き
④特殊車両通行許可申請書：
時期：随時。
提出者：特○○させる者。
提出先：道○○者。",,"・道路に関連する手続き
④特殊車両通行許可申請書：
時期：随時。
提出者：特殊車両を通行させる者。
提出先：道路管理者。",
"・その他
浄化槽設置届出書
　・保健所を置く市　→　市長（※町村には保健所を置く権限はない）
　・それ以外　→　都道府県知事
消防用設備等設置届　――――　消防署長
PCB（ポリ塩化ビフェニル）の処分、特定粉じん（アスベスト）排出等作業実施届出書の提出を行うのは、解体工事の施工者ではなく、所有者・発注者（所有者≒発注者）です。",,"・その他
浄化槽設置届出書
　・保健所を置く市　→　市長（※町村には保健所を置く権限はない）
　・それ以外　→　都道府県知事
消防用設備等設置届　――――　消防署長
PCB（ポリ塩化ビフェニル）の処分、特定粉じん（アスベスト）排出等作業実施届出書の提出を行うのは、解体工事の施工者ではなく、所有者・発注者（所有者≒発注者）です。",
■工事記録,,■工事記録,
"・工事記録の対象
監理者の指示事項、協議事項を記録する。
設計図書の内容に疑義が生じた場合、監理者と協議事項を記録する。※結果として、設計図書の訂正、変更に至らなくても記録する。
試験を行った場合、直ちに記録する。
左記は記録・写真等を整理する。隠ぺい部、一工程の施工完了、監理者から証明を求められた場合。（大抵は標準仕様書、約款等に記載ある）
近隣建物へ影響がある恐れがある工事では、関係者立会いを求め、写真・測量等で現状を記録する。
監理者の立会いの上施工するものと設計図書で指定された工事において、監理者都合や指示で立会いができない場合は、工事写真等で記録し、監理者に提出する。",,"・工事記録の対象
監理者の指示事項、協議事項を記録する。
設計図書の内容に疑義が生じた場合、監理者と協議事項を記録する。※結果として、設計図書の訂正、変更に至らなくても記録する。
試験を行った場合、直ちに記録する。
左記は記録・写真等を整理する。隠ぺい部、一工程の施工完了、監理者から証明を求められた場合。（大抵は標準仕様書、約款等に記載ある）
近隣建物へ影響がある恐れがある工事では、関係者立会いを求め、写真・測量等で現状を記録する。
監理者の立会いの上施工するものと設計図書で指定された工事において、監理者都合や指示で立会いができない場合は、工事写真等で記録し、監理者に提出する。",
"・その他の記録に関わる注意点
営業に関する以下の図書を引き渡し時から○○年間保管しなければならない。（建設業法）
①完○○図
②発○○記録
③施○○図",,"・その他の記録に関わる注意点
営業に関する以下の図書を引き渡し時から10年間保管しなければならない。（建設業法）
①完成図
②発注者との打合せ記録
③施工体系図",
"材料、部材、部品の受入れ時には、設計図書に定められた条件に適合することを書面などの記録により確認しなければならない。証明がないものは工事現場に搬入できない。
過去の不具合事例を調べ、問題が残りそうな施工や材料は集中的に記録を残す。
工事写真の有効画素数は、黒板文字、撮影対象が確認できること。（100万～300万画素程度）",,"材料、部材、部品の受入れ時には、設計図書に定められた条件に適合することを書面などの記録により確認しなければならない。証明がないものは工事現場に搬入できない。
過去の不具合事例を調べ、問題が残りそうな施工や材料は集中的に記録を残す。
工事写真の有効画素数は、黒板文字、撮影対象が確認できること。（100万～300万画素程度）",
■図面管理、図面工程,,■図面管理、図面工程（※これは適当に書いてる。裏どり必要。）,
"・施工図の作成順番
総合図
平面詳細図
躯体図
製作図
みたいな流れ...。だと思う。
（※これは適当に書いてる。裏どり必要。）",,"・施工図の作成順番
総合図
平面詳細図
躯体図
製作図
みたいな流れ...。だと思う。",
■工程管理,,■工程管理,
"・工程計画の進め方：
手○○計画→日○○計画の順序で進める。",,"・工程計画の進め方：
手順計画→日程計画の順序で進める。",
"・工程計画の考え方の種類
積○○方式：複雑で実績や経験の少ない工事・工種で用いられる
割○○方式：実績や経験が多い工事・工種で用いられる
工区分割は負荷が特定の専門工事会社に集中せず、できるだけ作業数量がほぼ均等になるように調整する。",,"・工程計画の考え方の種類
積上げ方式：複雑で実績や経験の少ない工事・工種で用いられる
割付け方式：実績や経験が多い工事・工種で用いられる
工区分割は負荷が特定の専門工事会社に集中せず、できるだけ作業数量がほぼ均等になるように調整する。",
"・工程表の種類
基○○工程表
部○○工程表
職○○工程表",,"・工程表の種類
基本工程表
部分工程表
職種別工程表",
"・マイルストーンの例
掘○○開始日、
地○○完了日、
鉄○○開始日、
最○○階コンクリート打設日、
屋○○防水完了日、
外○○解体日、等がマイルストーンになる。",,"・マイルストーンの例
掘削開始日、
地下躯体完了日、
鉄骨建て方開始日、
最上階コンクリート打設日、
屋上防水完了日、
外部足場解体日、等がマイルストーンになる。",
"・工程表に示す事項
①気候、風土、慣習などの影響
②施○○計画書、製○○図、施○○図の作成時期とその承諾時期
③主要材料などの準○○期間、現場への搬○○時期
④試○○の時期、期間
⑤検○○、施○○会いを受ける時期（監理者、特定行政庁等）
⑥電気設備、機械設備、その他の工事の工程
⑦仮○○物の設置期間",,"・工程表に示す事項
①気候、風土、慣習などの影響
②施工計画書、製作図、施工図の作成時期とその承諾時期
③主要材料などの準備製作期間、現場への搬入時期
④試験の時期、期間
⑤検査、施工の立会いを受ける時期（監理者、特定行政庁等）
⑥電気設備、機械設備、その他の工事の工程
⑦仮設物の設置期間",
"・工程計画上のポイント
仕○○工事は躯○○工事よりも余裕を多く見込む
使用可能な前面道路の種別、幅員、交通規制などを調査して、使用重機や搬入車両の能力、等を考慮して工程計画を立てる
作業者や工事用機械ができるだけ連続して作業を実施できるよう、手順を定める。",,"・工程計画上のポイント
仕上工事は躯体工事よりも余裕を多く見込む
使用可能な前面道路の種別、幅員、交通規制などを調査して、使用重機や搬入車両の能力、等を考慮して工程計画を立てる
作業者や工事用機械ができるだけ連続して作業を実施できるよう、手順を定める。",
"・工程とコスト
最○○工期：直○○費と間○○費の和である総建設費が最小になる工期
間○○費：管○○費、共○○費、減○○費、金利などの費用
直○○費：労○○費、材○○費、仮○○費、機械運転費用等の費用",,"・工程とコスト
最適工期：直接費と間接費の和である総建設費が最小になる工期
間接費：管理費、共通仮設費、減価償却費、金利などの費用
直接費：労務費、材料費、仮設備費、機械運転費用等の費用",
"・施工速度と間接費
施工速度を速めると、間○○費は減少",,"・施工速度と間接費
施工速度を速めると、間接費は減少",
"・施工速度と直接費
作業速度を速めると、直○○費は増加
直接費が最○○となる工期をノ○○タイム（標準時間）、費用をノ○○コスト（標準費用）という。
直接費を増加しても、ある限度以上は短縮できない時間を、ク○○タイム（特急時間）、費用をク○○コストという。",,"・施工速度と直接費
作業速度を速めると、直接費は増加
直接費が最小となる工期をノーマルタイム（標準時間）、費用をノーマルコスト（標準費用）という。
直接費を増加しても、ある限度以上は短縮できない時間を、クラッシュタイム（特急時間）、費用をクラッシュコストという。",
"・工程速度と総工費の関係
工期が最適工期より、短○○しても、延○○しても、コストは増加する。",,"・工程速度と総工費の関係
工期が最適工期より、短縮しても、延長しても、コストは増加する。",
"・工程表の種類
ガ○○チャート
S○○チャート
バ○○チャート
ネ○○工程表
タ○○工程表",,"・工程表の種類
ガントチャート
Sチャート
バーチャート
ネットワーク工程表
タクト工程表",
"・ネットワーク工程表のポイント
トータルフロート：
※書くかぁー。腰を上げるかぁー。",,"・ネットワーク工程表のポイント
トータルフロート：
※書くかぁー。腰を上げるかぁー。",
"・工程管理
山○○：作業を集計
山○○：ピークカットするのみ。一般に山崩しには工期の延○○が必要。
山○○：ピークカットして、谷も埋める。資源使用の均等化。工期の延び小さい。工区割りや作業手順合理化等工夫が必要。",,"・工程管理
山積み：作業を集計
山崩し：ピークカットするのみ。一般に山崩しには工期の延長が必要。
山均し：ピークカットして、谷も埋める。資源使用の均等化。工期の延び小さい。工区割りや作業手順合理化等工夫が必要。",
"・クリティカルパス作業を工夫して短縮
プレキャスト化
先組み工法
水平積み上げ方法
逆打ち工法
等々",,"・クリティカルパス作業を工夫して短縮
プレキャスト化
先組み工法
水平積み上げ方法
逆打ち工法
等々",
・各種工事の歩掛り,,・各種工事の歩掛り,
"鉄骨建て方：
　トラッククレーン：○○～○○ピース
　タワークレーン：○○～○○ピース",,"鉄骨建て方：
　トラッククレーン：30～35ピース
　タワークレーン：40～45ピース",
"タワークレーンの鉄骨建て方占有率（高層建物）
　補助クレーンを用いる場合：○○～○○程度
　補助クレーンを用いる場合：○○～○○程度
一般的建物の建て方用機械の鉄骨建て方占有率：○○～○○程度",,"タワークレーンの鉄骨建て方占有率（高層建物）
　補助クレーンを用いる場合：0.5-0.6程度
　補助クレーンを用いる場合：0.4-0.5程度
一般的建物の建て方用機械の鉄骨建て方占有率：0.6-0.7程度",
"現場溶接における溶接工の平均能率：
ボックス柱○○本、梁○○箇所",,"現場溶接における溶接工の平均能率：
ボックス柱2本、梁5箇所",
"ガスシールドアーク溶接の作業能率
　隅肉溶接脚長6mm換算で○○～○○m",,"ガスシールドアーク溶接の作業能率
　隅肉溶接脚長6mm換算で60-80m",
トルシア形高力ボルトの締付け本数：○○本,,トルシア形高力ボルトの締付け本数：250本,
タワークレーンの1回のクライミングに要する日数：○○日程度,,タワークレーンの1回のクライミングに要する日数：1.5日程度,
"床の鉄筋組立て
　ダブル配筋：○○t～○○t",,"床の鉄筋組立て
　ダブル配筋：0.4t-0.8t",
"コンクリートの現場内運搬の作業能率
　コンクリートポンプ車1台：○○～○○m3/hが目安",,"コンクリートの現場内運搬の作業能率
　コンクリートポンプ車1台：20-30m3/hが目安",
■■品質管理,,■■品質管理,
"・品質管理の基本的な考え方：
顧客の要求品質を達成するために、そのレベルに見合った管理を行うことが重要。
必要以上の緻密な管理は望ましくない。
品質の作りこみは、上流のプロセスにて行う方が、効果的で効率的。
検査のみでは限界で、プロセスの最適化を図ることが優れた品質管理
計画して、その通り行われているかを検査する。",,"・品質管理の基本的な考え方：
顧客の要求品質を達成するために、そのレベルに見合った管理を行うことが重要。
必要以上の緻密な管理は望ましくない。
品質の作りこみは、上流のプロセスにて行う方が、効果的で効率的。
検査のみでは限界で、プロセスの最適化を図ることが優れた品質管理
計画して、その通り行われているかを検査する。",
"・品質の7つ道具
①パ○○図
②特○○図（フィッシュボーン）
③ヒ○○グラム
④管○○図
⑤チ○○シート
⑥散○○図
⑦層○○別
⑧系○○図",,"・品質の7つ道具
①パレート図
②特性要因図（フィッシュボーン）
③ヒストグラム
④管理図
⑤チェックシート
⑥散布図
⑦層別
⑧系統図",
【006敷地・地盤調査】,,【006敷地・地盤調査】,
"■着工前の準備調査
縄○○り：ビニル紐などで建物位置を地面に表す
ベ○○マーク：建築物の高さと位置の基準
ベ○○マークの必要箇所数：○○箇所以上（相互に確認できるように）",,"■着工前の準備調査
縄張り：ビニル紐などで建物位置を地面に表す
ベンチマーク：建築物の高さと位置の基準
ベンチマークの必要箇所数：2箇所以上（相互に確認できるように）",
"■地盤調査の参考になる資料。浜松市の資料。
https://www.city.hamamatsu.shizuoka.jp/documents/9351/03_z_tisitu_r5.pdf",,"■地盤調査の参考になる資料。浜松市の資料。
https://www.city.hamamatsu.shizuoka.jp/documents/9351/03_z_tisitu_r5.pdf",
■地盤調査,,■地盤調査,
"・地盤調査の目的：
地○○の構成、
地○○位、
地○○力のデータ調査",,"・地盤調査の目的：
地層の構成、
地下水位、
地耐力のデータ調査",
・サンプリングの種類,,・サンプリングの種類,
"乱した土：
　採取方法：SPTサンプラー（標準貫入試験）等。
　採取した土で行う試験：含水比試験、粒度試験、液性限界試験、塑性限界試験",,"乱した土：
　採取方法：SPTサンプラー（標準貫入試験）等。
　採取した土で行う試験：含水比試験、粒度試験、液性限界試験、塑性限界試験",
"乱さない土：
　採取方法：シンウォール、デニソン、トリプル等（建築では普通はやらないがちでレア？）
　採取した土で行う試験：一軸圧縮試験、三軸圧縮試験、圧密試験",,"乱さない土：
　採取方法：シンウォール、デニソン、トリプル等（建築では普通はやらないがちでレア？）
　採取した土で行う試験：一軸圧縮試験、三軸圧縮試験、圧密試験",
・地盤調査の分類,,・地盤調査の分類,
"①原位置試験
　1.サ○○ディング
　　標○○試験、ベ○○試験、機械式○○貫入試験、ス○○貫入試験
　2.平○○試験
　3.孔○○載荷試験
　4.常○○測定、弾○○検層、電○○探査
　5.地○○測定、現○○試験、揚○○試験",,"①原位置試験
　1.サウンディング
　　標準貫入試験、ベーン試験、機械式コーン貫入試験、スクリューウェイト貫入試験
　2.平板載荷試験
　3.孔内水平載荷試験
　4.常時微動測定、弾性波速度検層、電気探査
　5.地下水位測定、現場透水試験、揚水試験",
"②土質試験（試験室で試験）
　1.粒○○試験
　2.圧○○試験
　3.一○○試験、三○○試験",,"②土質試験（試験室で試験）
　1.粒度試験
　2.圧密試験
　3.一軸圧縮試験、三軸圧縮試験",
"・標○○貫入試験（スタンダード ペネトレーション テスト=SPT）
調査内容：深さ○○m毎に、SPTサンプラーの○○cm打込○○数を試験。SPTサンプラーで土を採取。（乱した土）
調査結果：ハンマー打撃○○数（N値）、土○○構成。",,"・標準貫入試験（スタンダード ペネトレーション テスト=SPT）
調査内容：深さ1m毎に、SPTサンプラーの30cm打込回数を試験。SPTサンプラーで土を採取。（乱した土）
調査結果：ハンマー打撃回数（N値）、土層構成。",
"・機械式コーン貫入試験
調査内容：貫入先端（コーン）を静的に貫入（not打込み）して、抵○○値を測る。土は採取できない。
調査結果：抵抗値から土の硬軟。抵抗値から土○○構造を推定。",,"・機械式コーン貫入試験
調査内容：貫入先端（コーン）を静的に貫入（not打込み）して、抵抗値を測る。土は採取できない。
調査結果：抵抗値から土の硬軟。抵抗値から土層構造を推定。",
"・ス○○貫入試験（スウェーデン式サウンディング試験）
調査内容：先端のスクリューポイントを静的に回転・貫入（not打込み）して、抵○○値を測る。土は採取できない。
調査結果：抵抗値から土の硬軟。抵抗値から土○○構造を推定。",,"・スクリューウェイト貫入試験（スウェーデン式サウンディング試験）
調査内容：先端のスクリューポイントを静的に回転・貫入（not打込み）して、抵抗値を測る。土は採取できない。
調査結果：抵抗値から土の硬軟。抵抗値から土層構造を推定。",
"・ベーン試験
調査内容：十字型羽根のベーンを回転させた時のト○○値。
調査結果：円筒すべり面上のせ○○強さ。",,"・ベーン試験
調査内容：十字型羽根のベーンを回転させた時のトルク値。
調査結果：円筒すべり面上のせん断強さ。",
"・平板載荷試験
調査内容：
地盤に載荷板（直径○○mm、厚○○mmの鋼板）を設置。
地盤面は載荷板径の3倍以上を水平整地（半径900mm以上)して、垂直荷重かけ、支持力を調べる。

調査タイミング：根○○

調査結果：
地盤の変形特性。地盤の支持力特性。
確認できる深さ：載荷板直径の○○倍=60cm。
",,"・平板載荷試験
調査内容：
地盤に載荷板（直径300mm、厚25mmの鋼板）を設置。
地盤面は載荷板径の3倍以上を水平整地（半径900mm以上)して、垂直荷重かけ、支持力を調べる。

調査タイミング：根切工事後

調査結果：
地盤の変形特性。地盤の支持力特性。
確認できる深さ：載荷板直径の2倍=60cm。",
"・孔内水平載荷試験
調査内容：ボーリング孔内に円筒状のゴ○○を膨らませて、水○○抵抗、地○○強度を調査",,"・孔内水平載荷試験
調査内容：ボーリング孔内に円筒状のゴムチューブを膨らませて、水平抵抗、地盤強度を調査",
"・常時微動測定
調査内容：常○○動（車両の振動、木々の揺れ、海の波等）の微動を調査。
調査結果：振○○特性（卓越周期、増幅特性。）を求める。",,"・常時微動測定
調査内容：常時微動（車両の振動、木々の揺れ、海の波等）の微動を調査。
調査結果：振動特性（卓越周期、増幅特性。）を求める。",
"・弾○○検層（PS検層）
調査内容：P波、S波の速度分布を調査。
調査結果：地盤の硬軟、ポアソン比、ヤング率等を求める",,"・弾性波速度検層（PS検層）
調査内容：P波、S波の速度分布を調査。
調査結果：地盤の硬軟、ポアソン比、ヤング率等を求める",
・地下水位計測,,・地下水位計測,
"・地下水位の測定（ボーリングによる）
無○○掘りによる水位、又は、清○○置換後の水位、を測定
※泥○○の水位は、地○○水位とは一致しない。",,"・地下水位の測定（ボーリングによる）
無水掘りによる水位、又は、清水置換後の水位、を測定
※泥水の水位は、地下水位とは一致しない。",
"・透水係数の測定
現○○試験（1本の観測井を用いる）
揚○○試験（揚水井と複数の観測井を用いる）
※透水係数：調べることで、ディープウェル工法・ウェルポイント工法等の設計などに利用する。",,"・透水係数の測定
現場透水試験（1本の観測井を用いる）
揚水試験（揚水井と複数の観測井を用いる）
※透水係数：調べることで、ディープウェル工法・ウェルポイント工法等の設計などに利用する。",
"・地盤の種類
洪○○層（こ○○そう）：○○時代の地層で、硬質な地盤
沖○○層（ち○○そう）：比較的○○時代の地層で、軟弱な地盤",,"・地盤の種類
洪積層（こうせきそう）：古い時代の地層で、硬質な地盤
沖積層（ちゅうせきそう）：比較的新しい時代の地層で、軟弱な地盤",
・地耐力試験の種類,,・地耐力試験の種類,
"・原位置試験
標準貫入試験：N値（せん断強さ）：ボーリング孔内：砂質土
オランダ式コーン貫入試験：せん断強さ：地表から深さ5-10m：粘性土
ベーン試験：せん断強さ：地表から深さ5-10m：軟弱な粘性土
スクリューウェイト貫入試験：せん断強さ：地表から深さ5-10m：粘性土
平板載荷試験：60cm程度。",,"・原位置試験
標準貫入試験：N値（せん断強さ）：ボーリング孔内：砂質土
オランダ式コーン貫入試験：せん断強さ：地表から深さ5-10m：粘性土
ベーン試験：せん断強さ：地表から深さ5-10m：軟弱な粘性土
スクリューウェイト貫入試験：せん断強さ：地表から深さ5-10m：粘性土
平板載荷試験：60cm程度。",
"・屋内試験
一軸/三軸圧縮試験：粘着力：制限なし：粘性土
圧密試験：圧密係数：制限なし：粘性土",,"・屋内試験
一軸/三軸圧縮試験：粘着力：制限なし：粘性土
圧密試験：圧密係数：制限なし：粘性土",
■土質試験,,■土質試験,
"・土質試験の種類
①粒○○試験：乱した土で行う。ふるいで粒○○分布（砂質土か粘土か）、粒径分布から透○○係数の概略値を推定できる。」
②液○○試験・塑○○試験（コンシステンシー試験）：土の水分量で示す性質を土のコンシステンシーと呼ぶ。
③圧○○試験：乱さない土。粘性土地盤の沈○○量と沈○○時間を推定する試験。
④一○○試験：乱さない土。 円柱供試体。せん断強さを測る。
⑤三○○試験：乱さない土。 円柱供試体。側面に水圧掛けるので、自然な状態でのせん断強さが測れる。一軸の強化版。サンプリング個体にひ○○などがあると一軸だと誤差がでるので、三軸で試験する。",,"・土質試験の種類
①粒度試験：乱した土で行う。ふるいで粒径分布（砂質土か粘土か）、粒径分布から透水係数の概略値を推定できる。」
②液性限界試験・塑性限界試験（コンシステンシー試験）：土の水分量で示す性質を土のコンシステンシーと呼ぶ。
③圧密試験：乱さない土。粘性土地盤の沈下量と沈下時間を推定する試験。
④一軸圧縮試験：乱さない土。 円柱供試体。せん断強さを測る。
⑤三軸圧縮試験：乱さない土。 円柱供試体。側面に水圧掛けるので、自然な状態でのせん断強さが測れる。一軸の強化版。サンプリング個体にひび割れなどがあると一軸だと誤差がでるので、三軸で試験する。",
【007仮設工事】,,【007仮設工事】,
■乗入れ構台、荷受け構台,,■乗入れ構台、荷受け構台,
"・乗入れ構台、荷受け構台の計画のポイント
構台支柱は、基礎・柱・梁などと重ならないように配置し、○○～○○m間隔
幅員は最小限1車線で○○m、2車線で○○m程度。
交差部には車両が曲がるための隅○○を設ける
乗り込みスロープ勾配は1/○○～1/○○程度。
大引き下端は、1FLより○○～○○mm程度上に設定。（コンクリート打設時に床均しができるように）
覆工板（ふっこうばん）厚さは○○mm程度",,"・乗入れ構台、荷受け構台の計画のポイント
構台支柱は、基礎・柱・梁などと重ならないように配置し、3-6m間隔
幅員は最小限1車線で4m、2車線で6m程度。
交差部には車両が曲がるための隅切りを設ける
乗り込みスロープ勾配は1/10-1/6程度。
大引き下端は、1FLより200-300mm程度上に設定。（コンクリート打設時に床均しができるように）
覆工板（ふっこうばん）厚さは200mm程度",
"・乗入れ構台、荷受け構台組み立て、解体時のポイント
垂○○、水○○の取り付けは、予定掘削深さまで完了した部分から○○に行う（掘削と共に、座屈長がながくなるため）",,"・乗入れ構台、荷受け構台の組み立て、解体時のポイント
垂直ブレース、水平つなぎの取り付けは、予定掘削深さまで完了した部分から速やかに行う（掘削と共に、座屈長がながくなるため）",
"■仮設通路と防護棚
防護棚（朝顔）の設置基準：1段目地上○○m以内、2段目以降下段から○○m以内
防護棚（朝顔）のはね出し材の突き出し長さ・角度：○○m以上、○○～○○度",,"■仮設通路と防護棚
防護棚（朝顔）の設置基準：1段目地上5m以内、2段目以降下段から10m以内
防護棚（朝顔）のはね出し材の突き出し長さ・角度：2m以上、20-30度",
"■足場
・足場の種類：単管足場、枠組足場、吊り足場
・単管足場の積載荷重上限：○○kg
・○○m以上の高さの作業床への落下防止策：○○cm以上の手すり＆中桟/下桟で人の落下防止、幅木/メッシュシートで物の落下防止
・高さ○○mを超える枠組足場：主枠高さ○○m以下、主枠間隔○○m
・枠組足場の水平材の設置位置：最上層および○○層以内毎",,"■足場
・足場の種類：単管足場、枠組足場、吊り足場
・鋼管足場の積載荷重上限：400kg
・2m以上の高さの作業床への落下防止策：85cm以上の手すり＆中桟/下桟で人の落下防止、幅木/メッシュシートで物の落下防止
・高さ20mを超える枠組足場：主枠高さ2m以下、主枠間隔1.85m
・枠組足場の水平材の設置位置：最上層および5層以内毎",
"■枠組足場
　W　建枠の間隔○○m以下
　D　建枠の幅　既製品○○m程度が多い
　H　建枠の高さ　既製品○○m程度が多い",,"■枠組足場
　W　建枠の間隔1.85m以下
　D　建枠の幅　既製品0.9m程度が多い
　H　建枠の高さ　既製品1.8m程度が多い",
"■単管足場
　W　建地のけた行方向の間隔○○m以下
　D　建地のはり間方向の間隔○○m以下
　H　規定なし",,"■単管足場
　W　建地のけた行方向の間隔1.85m以下
　D　建地のはり間方向の間隔1.5m以下
　H　規定なし",
"・壁つなぎ
枠組足場：水平○○m以内、垂直○○m以内
単管足場：水平○○m以内、垂直○○m以内",,"・壁つなぎ
枠組足場：水平8m以内、垂直9m以内
単管足場：水平5.5m以内、垂直5m以内",
"メッシュシートの取付け間隔
■足場への取付け間隔
　水平支持材を垂直方向○○m以下ごとに設け、
　メッシュシートを取り付ける。
■足場を設けない、鉄骨外周部への取付け間隔
　垂直支持材を水平方向○○m以下ごとに設け、
　メッシュシートを取り付ける。",,"メッシュシートの取付け間隔
■足場への取付け間隔
　水平支持材を垂直方向5.5m以下ごとに設け、
　メッシュシートを取り付ける。
■足場を設けない、鉄骨外周部への取付け間隔
　垂直支持材を水平方向4m以下ごとに設け、
　メッシュシートを取り付ける。",
"■メッシュシートは、原則として、足場に取り付けます。
足場への取付け間隔である「垂直方向○○m」の数値は、枠組足場の高さ約○○mの3層分（1.8m×3層＝5.4m）です。
■足場を設けない、鉄骨外周部への取付け間隔である「水平方向○○m」の数値は、鉄骨の1スパン約○○mの半分です。",,"■メッシュシートは、原則として、足場に取り付けます。
足場への取付け間隔である「垂直方向5.5m」の数値は、枠組足場の高さ約1.8mの3層分（1.8m×3層＝5.4m）です。
■足場を設けない、鉄骨外周部への取付け間隔である「水平方向4m」の数値は、鉄骨の1スパン約8mの半分です。",
"・吊り足場の安全係数：
吊りワイヤロープ：安全係数○○以上
クレーン等の玉掛用ワイヤロープ：安全係数○○以上
吊り鎖(チェーン)、吊りフック：安全係数○○以上",,"・吊り足場の安全係数：
吊りワイヤロープ：安全係数10以上
クレーン等の玉掛用ワイヤロープ：安全係数6以上
吊り鎖(チェーン)、吊りフック：安全係数5以上",
■足場・型枠支保工・工事用機械,,■足場・型枠支保工・工事用機械,
"・労働監督署長に届け出必要な条件
型枠支保工高さ：○○m以上
足場高さ：○○m以上
※組立～解体が○○日以内なら不要",,"・労働監督署長に届け出必要な条件
型枠支保工高さ：3.5m以上
足場高さ：10m以上
※組立～解体が60日以内なら不要",
"・作業主任者の選任が必要な条件
吊り足場
高さ○○m以上の足場の組立・解体",,"・作業主任者の選任が必要な条件
吊り足場
高さ5m以上の足場の組立・解体",
"・型枠支保工のパイプサポートの継げる本数：
○○本まで。（○○本以上のボルトで固定）",,"・型枠支保工のパイプサポートの継げる本数：
2本まで。（4本以上のボルトで固定）",
・クレーンで作業者を運搬：禁止,,・クレーンで作業者を運搬：禁止,
"・作業中止の強風の条件：
10分間の平均風速○○m/s以上",,"・作業中止の強風の条件：
10分間の平均風速10m/s以上",
"■クレーンの吊り上げ作業
風速○○m/s以上は中止",,"■クレーンの吊り上げ作業
風速10m/s以上は中止",
"■プレキャストコンクリート部材の組立て作業
風速○○m/s以上は中止",,"■プレキャストコンクリート部材の組立て作業
風速10m/s以上は中止",
"■ガスシールドアーク溶接作業
風速○○m/s以上は中止。ただし、適切な防風措置を講じれば可。",,"■ガスシールドアーク溶接作業
風速2m/s以上は中止。ただし、適切な防風措置を講じれば可。",
・建設用リフト等,,・建設用リフト等,
"■建設用リフト（資材運搬専用）
　人が乗ることはできない。",,"■建設用リフト（資材運搬専用）
　人が乗ることはできない。",
"■ゴンドラ（作業用吊り足場）
　人が乗る。",,"■ゴンドラ（作業用吊り足場）
　人が乗る。",
"■荷物用エレベーター
　荷物用だが、荷扱者又は運転者は乗れる。",,"■荷物用エレベーター
　荷物用だが、荷扱者又は運転者は乗れる。",
"■人荷用エレベーター
　一般乗客も普通に乗る。",,"■人荷用エレベーター
　一般乗客も普通に乗る。",
"・仮設の作業床
""■作業床の床材間の隙間
　・単管足場、枠組足場、作業構台の作業床・・・3㎝以下
　・吊り足場の作業床・・・・・・・・・・・・・隙間なし""
""■作業床の幅
　・単管足場、枠組足場、吊り足場ともに40㎝以上とする。""",,"・仮設の作業床
""■作業床の床材間の隙間
　・単管足場、枠組足場、作業構台の作業床・・・3㎝以下
　・吊り足場の作業床・・・・・・・・・・・・・隙間なし""
""■作業床の幅
　・単管足場、枠組足場、吊り足場ともに40㎝以上とする。""",
"作業床の幅、歩み板の幅
■足場の作業床の幅
　・40㎝以上（単管足場、枠組足場、吊り足場とも）
■スレート、木毛板で葺かれた屋根の歩み板の幅
　・30㎝以上
・仮設の手すりの高さ
仮設通路（切ばり上通路、鉄骨上通路）、足場の手すりの高さについては、
試験対策上、850mm以上だったら正、それ未満だったら誤と考えてよい。",,"作業床の幅、歩み板の幅
■足場の作業床の幅
　・40㎝以上（単管足場、枠組足場、吊り足場とも）
■スレート、木毛板で葺かれた屋根の歩み板の幅
　・30㎝以上
・仮設の手すりの高さ
仮設通路（切ばり上通路、鉄骨上通路）、足場の手すりの高さについては、
試験対策上、850mm以上だったら正、それ未満だったら誤と考えてよい。",
枠組足場の墜落防止措置・落下防止措置,,枠組足場の墜落防止措置・落下防止措置,
"■人の墜落防止措置
　①交差筋かい＋高さ○○㎝以上○○㎝以下の位置に下桟　or
　②交差筋かい＋高さ○○㎝以上の幅木　or",,"■人の墜落防止措置
　①交差筋かい＋高さ15㎝以上40㎝以下の位置に下桟　or
　②交差筋かい＋高さ15㎝以上の幅木　or",
"■物の落下防止措置
　①高さ○○㎝以上の幅木　or
　②メッシュシート・防網等
　③手すり枠
特に次の2点が重要です。
①幅木について、墜落防止措置は高さ○○㎝以上、落下防止措置は高さ○○㎝以上。
　もちろん、墜落防止措置として高さ○○㎝以上の幅木を設ければ、落下防止措置にもなります。
②メッシュシート・防網は、落下防止措置であって、墜落防止措置にはならない。",,"■物の落下防止措置
　①高さ10㎝以上の幅木　or
　②メッシュシート・防網等
　③手すり枠
特に次の2点が重要です。
①幅木について、墜落防止措置は高さ15㎝以上、落下防止措置は高さ10㎝以上。
　もちろん、墜落防止措置として高さ15㎝以上の幅木を設ければ、落下防止措置にもなります。
②メッシュシート・防網は、落下防止措置であって、墜落防止措置にはならない。",
"■クレーンや吊り荷等と電線の離隔距離
配電線
○○V以下：○○m以上
○○V以下：○○m以上
※労働基準局通達最小離隔距離。
※建築工事監理指針に記載されているらしい。",,"■クレーンや吊り荷等と電線の離隔距離
配電線
200V以下：1.0m以上
6600V以下：1.2m以上
※労働基準局通達最小離隔距離。
※建築工事監理指針に記載されているらしい。",
【008】土工事・山留め,,【008】土工事・山留め,
■山留め,,■山留め,
"・山留工法の種類：
①法付けオ○○カット：シンプル。切梁不要。敷地に余裕がある場合に適してる
②親○○工法：親杭（H形鋼）を打って、掘削して、横矢板をはめる工法。
③鋼○○壁：
④場○○壁
⑤ソ○○壁",,"・山留工法の種類：
①法付けオープンカット：シンプル。切梁不要。敷地に余裕がある場合に適してる
②親杭横矢板工法：親杭（H形鋼）を打って、掘削して、横矢板をはめる工法。
③鋼矢板壁：
④場所打ちRC地中壁
⑤ソイルセメント壁",
"・山留め支保工
③水○○工法
④地○○工法",,"・山留め支保工
③水平切梁工法
④地盤アンカー工法",
"・その他工法
⑤逆○○工法
⑥ア○○工法：山留して切梁無しで中心部だけ先に作る。で次に外周部を切梁有りで施工。（施工が2段階になるが、切梁の施工が楽）",,"・その他工法
⑤逆打工法
⑥アイランド工法：山留して切梁無しで中心部だけ先に作る。で次に外周部を切梁有りで施工。（施工が2段階になるが、切梁の施工が楽）",
"・山留壁の種類：
親○○板、
鋼○○板（シートパイル）、
ソ○○壁（SMW）",,"・山留壁の種類：
親杭横矢板、
鋼矢板（シートパイル）、
ソイルセメント柱列壁（SMW）",
"・浅い掘削での山留め壁不要となる基準：掘削深さ5m未満
硬い粘土：掘削深さ○○m未満 、山留め壁○○要、 法面○○度以下。
硬い粘土：掘削深さ○○m以上、山留め壁○○要、法面○○度以下。
砂の地山：掘削深さ○○m未満 、山留め壁○○要、 法面○○度以下。
※法面途中で水平面は、「小段」と呼び、上と下とで別々の斜面として扱うOK。",,"・浅い掘削での山留め壁不要となる基準：掘削深さ5m未満
硬い粘土：掘削深さ5m未満 、山留め壁不要、 法面90度以下。
硬い粘土：掘削深さ5m以上、山留め壁必要、法面75度以下。
砂の地山：掘削深さ5m未満 、山留め壁不要、 法面35度以下。
※法面途中で水平面は、「小段」と呼び、上と下とで別々の斜面として扱うOK。",
"・鋼矢板（シートパイル）引き抜き箇所の埋め戻す土質：
砂○○土（砂）、
セ○○液、
モ○○ル等。",,"・鋼矢板（シートパイル）引き抜き箇所の埋め戻す土質：
砂質土（砂）、
セメントベントナイト液、
モルタル等。",
"・親杭横矢板は埋め戻し時に一枚ずつ引き抜く。
理由：腐って空洞になって周辺が地盤沈下するから。",,"・親杭横矢板は埋め戻し時に一枚ずつ引き抜く。
理由：腐って空洞になって周辺が地盤沈下するから。",
■地下水の排水工法,,■地下水の排水工法,
"地下水の排水工法種類：
釜○○工法、
デ○○工法、
ウ○○工法",,"地下水の排水工法種類：
釜場排水工法、
ディープウェル工法、
ウェルポイント工法",
"・ディープウェルとウェルポイントの違い。
ディープウェルは井戸を掘って、ポンプで汲み上げ。
ウェルポイントは集水管（ライザーパイプ）を打ち込んでポンプ汲み上げ。",,"・ディープウェルとウェルポイントの違い。
ディープウェルは井戸を掘って、ポンプで汲み上げ。
ウェルポイントは集水管（ライザーパイプ）を打ち込んでポンプ汲み上げ。",
"■地業の異常現象
種類
①ヒ○○：軟弱な粘性土地盤。内側の根切底がふくれ上がる現象
②ボ○○：周囲の水が流れ、内側の根切底が液状化する現象。
③盤○○：被圧地下水からの水圧で掘削底面の不透水性の土層がふくれ上がる現象",,"■地業の異常現象
種類
①ヒービング：軟弱な粘性土地盤。内側の根切底がふくれ上がる現象
②ボイリング：周囲の水が流れ、内側の根切底が液状化する現象。
③盤ぶくれ：被圧地下水からの水圧で掘削底面の不透水性の土層がふくれ上がる現象",
【009基礎・地業工事】,,【009基礎・地業工事】,
■杭工法,,■杭工法,
"・既成杭工法の種類：
打○○杭工法、
埋○○杭工法、
回○○杭工法",,"・既成杭工法の種類：
打込み杭工法、
埋め込み杭工法、
回転杭工法",
"・打込み杭工法の種類：
打○○工法、
バ○○工法、
プ○○工法",,"・打込み杭工法の種類：
打撃工法、
バイブロハンマ工法、
プレボーリング併用打撃工法",
"・埋め込み杭工法の種類：
セ○○工法（プレボーリング工法）、
中○○工法、
鋼○○杭工法",,"・埋め込み杭工法の種類：
セメントミルク工法（プレボーリング工法）、
中堀工法、
鋼管ソイルセメント杭工法",
"・場所打ち杭工法の種類：
機○○工法、
深○○工法",,"・場所打ち杭工法の種類：
機械掘削工法、
深礎工法",
"・機械掘削工法の種類：
オ○○工法：ケーシングチューブで孔壁保護。ハンマークラブで排土。
ア○○工法：ベントナイト安定液で孔壁保護。ドリリングバケットに土を溜めて引き上げ。
リ○○工法：孔内水位を高くし水圧で孔壁保護。孔内に水を循環し、泥水として吸い上げる。",,"・機械掘削工法の種類：
オールケーシング工法：ケーシングチューブで孔壁保護。ハンマークラブで排土。
アースドリル工法：ベントナイト安定液で孔壁保護。ドリリングバケットに土を溜めて引き上げ。
リバースサーキュレーション工法：孔内水位を高くし水圧で孔壁保護。孔内に水を循環し、泥水として吸い上げる。",
"■既製杭の打込み工法
・打ち込み完了後の杭頭の水平方向精度の目安：
杭径1/○○以内かつ○○mm以内",,"■既製杭の打込み工法
・打ち込み完了後の杭頭の水平方向精度の目安：
杭径1/4以内かつ100mm以内",
"■既製杭のセメントミルク工法（プレボーリング工法）
・支持地盤への根入れ深さ：○○m以上
・余堀り量：○○m以内
・オーガーの引き上げ時の回転方向：○○回転",,"■既製杭のセメントミルク工法（プレボーリング工法）
・支持地盤への根入れ深さ：1m以上
・余堀り量：0.5m以内
・オーガーの引き上げ時の回転方向：正回転",
"■場所打ち杭のオールケーシング工法
メリット：○○無しで掘削可能。（ただし地下水位が高い場合などは注水する）
注水した・孔内水位が高い場合は、孔底のス○○除去が必要（1次スライム処理）
空堀の場合は、ハンマーグラブで堀○○除去のみでOK
鉄筋かごを設置した後、更にポンプで孔底のス○○を吸い出し処理する（2次スライム処理）
主筋の継手：○○継手
帯筋の継手：フ○○継手
場所打ちコンクリート杭の単位セメント量：○○kg/m3以上
打設時のトレミー管の先端：コンクリート中○○m以上入れる
杭頭の余盛寸法：○○m～○○m",,"■場所打ち杭のオールケーシング工法
メリット：注水無しで掘削可能。（ただし地下水位が高い場合などは注水する）
注水した・孔内水位が高い場合は、孔底のスライム除去が必要（1次スライム処理）
空堀の場合は、ハンマーグラブで堀くず除去のみでOK
鉄筋かごを設置した後、更にポンプで孔底のスライムを吸い出し処理する（2次スライム処理）
主筋の継手：重ね継手
帯筋の継手：フレアグルーブ継手
場所打ちコンクリート杭の単位セメント量：330kg/m3以上
打設時のトレミー管の先端：コンクリート中2m以上入れる
杭頭の余盛寸法：0.5m-1.0m",
"砂と粘土の性質
■砂○○土は、締め固めると土粒子がかみ合い、良質な地盤となります。
■粘○○土は、マクロで見てもミクロで見ても間隙が多く、体積変化や圧密を生じるため砂質土に比べて質が良くないと言えます。
・床付け面
■礫（れき）・砂質土の床付け面を乱してしまった場合
　→転圧による締固めを行う
■粘性土の床付け面を乱してしまった場合
　→礫・砂質土などの良質土に置換するか、セメント・石灰などによる地盤改良を行う",,"砂と粘土の性質
■砂質土は、締め固めると土粒子がかみ合い、良質な地盤となります。
■粘性土は、マクロで見てもミクロで見ても間隙が多く、体積変化や圧密を生じるため砂質土に比べて質が良くないと言えます。
・床付け面
■礫（れき）・砂質土の床付け面を乱してしまった場合
　→転圧による締固めを行う
■粘性土の床付け面を乱してしまった場合
　→礫・砂質土などの良質土に置換するか、セメント・石灰などによる地盤改良を行う",
【010鉄筋工事】,,【010鉄筋工事】,
■鉄筋材料,,■鉄筋材料,
"・圧延マーク
SD295：突起の数○○個
SD345：突起の数○○個
SD390：突起の数○○個
SD490：突起の数○○個",,"・圧延マーク
SD295：圧延マークなし
SD345：突起の数1個
SD390：突起の数2個
SD490：突起の数3個",
"・径による呼び方
異形棒鋼：D6、D10など
丸鋼：φ9,φ13など",,"・径による呼び方
異形棒鋼：D6、D10など
丸鋼：φ9,φ13など",
"・鉄筋の保管方法
角材などの受け材の上に置く（直接地面はNG）
屋外の場合は、シートなどで覆う。
・取り除く必要のある錆：過度な錆（粉状になる赤さび）。薄い赤錆はOK。",,"・鉄筋の保管方法
角材などの受け材の上に置く（直接地面はNG）
屋外の場合は、シートなどで覆う。
・取り除く必要のある錆：過度な錆（粉状になる赤さび）。薄い赤錆はOK。",
"■鉄筋加工
・原則：切断・曲げ加工は、○○温（冷間）で行う。
・切断はシャーカッター、電動カッターで行う。
・曲げはバーベンダーで行う。
・鉄筋折り曲げ形状",,"■鉄筋加工
・原則：切断・曲げ加工は、常温（冷間）で行う。
・切断はシャーカッター、電動カッターで行う。
・曲げはバーベンダーで行う。
・鉄筋折り曲げ形状",
"鉄筋余長
○○度：余長○○d以上
○○度：余長○○d以上
○○度：余長○○d以上",,"鉄筋余長
90度：余長8d以上
135度：余長6d以上
180度：余長4d以上",
"・折曲内法直径
D○○以下：折曲げ内法直径○○d以上
D○○～○○：折曲げ内法直径○○d以上",,"・折曲内法直径
D16以下：折曲げ内法直径3d以上
D19～41：折曲げ内法直径4d以上",
"・鉄筋の加工寸法の許容差
主筋D○○以下：±○○mm
主筋D○○以上、D○○以下：±○○mm
あばら筋、帯筋、スパイラル筋：±○○mm
加工後の全長：±○○mm",,"・鉄筋の加工寸法の許容差
主筋D25以下：±15mm
主筋D29以上、D41以下：±20mm
あばら筋、帯筋、スパイラル筋：±5mm
加工後の全長：±20mm",
■鉄筋組立,,■鉄筋組立,
"・鉄筋の結束位置
柱主筋と帯筋：4隅は○○結束。その他は○○以上結束。
梁主筋とあばら筋：上側の2隅は○○結束。その他は○○以上結束。
壁縦筋と横筋の交点：○○以上結束。
スラブの主筋と配力筋：○○以上結束。",,"・鉄筋の結束位置
柱主筋と帯筋：4隅は全数結束。その他は半数以上結束。
梁主筋とあばら筋：上側の2隅は全数結束。その他は半数以上結束。
壁縦筋と横筋の交点：半数以上結束。
スラブの主筋と配力筋：半数以上結束。",
"・鉄筋あき寸法
①鉄筋の径・呼び名の○○倍以上
②粗骨材最大寸法の○○倍
③○○mm以上
※上記の一番大きい数値",,"・鉄筋あき寸法
①鉄筋の径・呼び名の1.5倍以上
②粗骨材最大寸法の1.25倍
③25mm以上
※上記の一番大きい数値",
"・鉄筋と、仕込み配管との離隔
壁内CD管と平行鉄筋との間隔：○○mm以上
壁内CD管の結束間隔：○○m以内",,"・鉄筋と、仕込み配管との離隔
壁内CD管と平行鉄筋との間隔：30mm以上
壁内CD管の結束間隔：1m以内",
"・かぶり厚さ
設計かぶり厚さ=最小かぶり厚さ+○○mm",,"・かぶり厚さ
設計かぶり厚さ=最小かぶり厚さ+10mm",
"・部位ごとの「最小かぶり厚さ」
柱、梁、耐力壁：○○mm（屋外環境は+10mmの40mm)
床スラブ、屋根スラブ：○○mm（屋外環境は+10mmの30mm)
直接土に接する部位：○○mm
基礎：○○mm
※細かくは、しっかりと表をみる。
※主筋D29以上の太物鉄筋を使用する場合：呼び名の○○倍以上、主筋のかぶり厚さを確保",,"・部位ごとの「最小かぶり厚さ」
柱、梁、耐力壁：30mm（屋外環境は+10mmの40mm)
床スラブ、屋根スラブ：20mm（屋外環境は+10mmの30mm)
直接土に接する部位：40mm
基礎：60mm
※細かくは、しっかりと表をみる。
※主筋D29以上の太物鉄筋を使用する場合：呼び名の1.5倍以上、主筋のかぶり厚さを確保",
"・スペーサー
鉄筋スペーサーの種類：鋼製、コンクリート製、モルタル製、プラスチック製
プラスチック製の制限：○○面のみにだけOK、プラスチック製利用可能",,"・スペーサー
鉄筋スペーサーの種類：鋼製、コンクリート製、モルタル製、プラスチック製
プラスチック製の制限：側面のみにだけOK、プラスチック製利用可能",
"・スペーサー配置間隔
スラブ：@○○mm程度、端部は○○mm以内
梁：○○mm程度、端部は○○mm程度
柱：※書く
基礎：○○m2程度につき○○個、○m2程度につき○○個
基礎梁：○○m程度、端部は○○m以内
壁・地下外壁：※書く",,"・スペーサー配置間隔
スラブ：@900mm程度、端部は100mm以内
梁：1500mm程度、端部は500mm程度
柱：※書く
基礎：4m2程度につき8個、16m2程度につき20個
基礎梁：1.5m程度、端部は1.5m以内
壁・地下外壁：※書く",
"・補強筋の位置
■壁の開口部の補強筋
ダブル配筋になっている壁筋の内側に開口補強筋を配筋する
■屋根スラブの出隅及び入隅の補強筋
上端筋の下側に補強筋を配筋する",,"・補強筋の位置
■壁の開口部の補強筋
ダブル配筋になっている壁筋の内側に開口補強筋を配筋する
■屋根スラブの出隅及び入隅の補強筋
上端筋の下側に補強筋を配筋する",
■鉄筋の定着,,■鉄筋の定着,
"・定着の種類
①直線定着
②90度折り曲げ定着",,"・定着の種類
①直線定着
②90度折り曲げ定着",
"・①直線定着の長さのポイント
フック付き定着長さは、末端部のフック部分の長さを含まない。
直線定着の必要長さ：24~27N/mm2、SD345の場合：L2=○○d(フック有L2h=○○d)
（フックの余長は90度だと○○d以上。これはフックのいつもの長さ。）",,"・①直線定着の長さのポイント
フック付き定着長さは、末端部のフック部分の長さを含まない。
直線定着の必要長さ：24~27N/mm2、SD345の場合：L2=35d(フック有L2h=25d)
（フックの余長は90度だと8d以上。これはフックのいつもの長さ。）",
"・②90度折り曲げ定着
直線定着の長さを、90度折り曲げながら確保する。
その際に、柱せいの○○/4以上を飲み込ませる必要有。
小梁の定着は、大梁内で斜め定着も可能。（大梁せいが小さい場合、はみ出るから）",,"・②90度折り曲げ定着
直線定着の長さを、90度折り曲げながら確保する。
その際に、柱せいの3/4以上を飲み込ませる必要有。
小梁の定着は、大梁内で斜め定着も可能。（大梁せいが小さい場合、はみ出るから）",
"・柱のスパイラル筋の場合
柱頭、柱脚の末端の定着は、○○巻き以上の添え巻き＆末端にフック設ける。",,"・柱のスパイラル筋の場合
柱頭、柱脚の末端の定着は、1.5巻き以上の添え巻き＆末端にフック設ける。",
■鉄筋の継手,,■鉄筋の継手,
"・継手の種類
①重○○継手
②ガ○○継手
③溶○○継手
④機○○継手",,"・継手の種類
①重ね継手
②ガス圧接継手
③溶接継手
④機械式継手",
"・継手の共通事項：継手の位置のポイント
原則、応力の小さいところ。常時圧縮力が生じている部分。
柱の鉄筋継手：上下端部は避ける。「梁上端から○○mm以上」、「○○mm以下かつ柱内法高さ○○/4以下」とする。",,"・継手の共通事項：継手の位置のポイント
原則、応力の小さいところ。常時圧縮力が生じている部分。
柱の鉄筋継手：上下端部は避ける。「梁上端から500mm以上」、「1500mm以下かつ柱内法高さ3/4以下」とする。",
"・継手の共通事項： 継手のずらし方のポイント
原則、継手は相互にずらす。
重ね継手：継手長さ○○倍or○○倍ずらす。
ガス圧接継手、溶接継手：相互に○○mm以上ずらす。
機械式継手：カップラー中心間で○○mm以上、かつ、端部あき○○mm以上ずらす。
※ガス圧接継手や機械式継手の場合、A級以上の場合は、いも継手も可能！",,"・継手の共通事項： 継手のずらし方のポイント
原則、継手は相互にずらす。
重ね継手：継手長さ0.5倍or1.5倍ずらす。
ガス圧接継手、溶接継手：相互に400mm以上ずらす。
機械式継手：カップラー中心間で400mm以上、かつ、端部あき40mm以上ずらす。
※ガス圧接継手や機械式継手の場合、A級以上の場合は、いも継手も可能！",
"・①重ね継手のポイント
フック付き重ね継手の長さは、フック部分を含まない。（定着と同じ考え方）
径の違う鉄筋同士の場合は、細い方の鉄筋径に所定の倍数を掛ける。
D35以上の太物は、重ね継手はNG。
直線定着の必要長さ：24~27N/mm2、SD345の場合：L1=○○d(フック有L1h=○○d)
（フックの余長は180度だと○○d以上。これはフックのいつもの長さ。）
あき重ね継手：密着できない場合、○○L1かつ、○○mm以下の場合、鉄筋同士が開いていてもOK。
スパイラル筋の重ね継手長さ：○○d以上、かつ、○○mm以上。末端にはフックを設ける。
90度フック：余長○○d以上（いつもの○○dより長い。）
135度フック：余長○○d以上（いつもやつ。）
腹筋の継手長さ：○○mm程度。",,"・①重ね継手のポイント
フック付き重ね継手の長さは、フック部分を含まない。（定着と同じ考え方）
径の違う鉄筋同士の場合は、細い方の鉄筋径に所定の倍数を掛ける。
D35以上の太物は、重ね継手はNG。
直線定着の必要長さ：24~27N/mm2、SD345の場合：L1=40d(フック有L1h=30d)
（フックの余長は180度だと4d以上。これはフックのいつもの長さ。）
あき重ね継手：密着できない場合、0.2L1かつ、150mm以下の場合、鉄筋同士が開いていてもOK。
スパイラル筋の重ね継手長さ：50d以上、かつ、300mm以上。末端にはフックを設ける。
90度フック：余長12d以上（いつもの8dより長い。）
135度フック：余長6d以上（いつもやつ。）
腹筋の継手長さ：150mm程度。",
"・②ガス圧接継手のポイント
必要な資格：1～4種。4種が強い。
1種：D○○以下
2種：D○○以下
3種：D○○以下
4種：D○○以下
加圧器：30MPa以上の加圧性能。SD490の場合は40MPa以上かつ上限下限圧設定可能なもの。
強風時、降雨時は作業NG。対策すれば監理者の承認でOK。
圧接作業当日に、事前切断した鉄筋をグラインダー研磨、または、当日に鉄筋冷間直角裁断機で切断。
前日以前に処理を行う場合は、防錆のため端面保護剤を使用する。
圧接による縮み代：○○～○○d程度を考慮する
圧接端面が密着するまでは酸化防ぐための還元炎。密着してからは熱効率の良い中性炎。
強度が異なる鉄筋は原則NG。SD345とSD395のみ可能。",,"・②ガス圧接継手のポイント
必要な資格：1～4種。4種が強い。
1種：D25以下
2種：D32以下
3種：D38以下
4種：D51以下
加圧器：30MPa以上の加圧性能。SD490の場合は40MPa以上かつ上限下限圧設定可能なもの。
強風時、降雨時は作業NG。対策すれば監理者の承認でOK。
圧接作業当日に、事前切断した鉄筋をグラインダー研磨、または、当日に鉄筋冷間直角裁断機で切断。
前日以前に処理を行う場合は、防錆のため端面保護剤を使用する。
圧接による縮み代：1.0～1.5d程度を考慮する
圧接端面が密着するまでは酸化防ぐための還元炎。密着してからは熱効率の良い中性炎。
強度が異なる鉄筋は原則NG。SD345とSD395のみ可能。",
"不良基準
圧接部の膨らみ：○○d以上
圧接部の長さ：○○d以上
圧接面のずれ：1/○○d以下
鉄筋中心軸の偏心：1/○○d以下",,"不良基準
圧接部の膨らみ：1.4d以上
圧接部の長さ：1.1d以上
圧接面のずれ：1/4d以下
鉄筋中心軸の偏心：1/5d以下",
"・不良圧接部の修正
①ふくらみの直径　→　鉄筋径の1.4倍未満の場合
②ふくらみの長さ　→　鉄筋径の1.1倍未満の場合
⑤著しい折れ曲がりがある場合
→　再加熱して修正すればよい。
①、②はふくらみ不足で、ガス圧接の途中段階と考えられるので、再加熱して修正してふくらみを大きくすれば良い。
⑤の折れ曲がりも再加熱で修正が可能。
――――――――――――――――――――――
③中心軸の偏心量　→　鉄筋径の1/5超
④ふくらみの頂部からの圧接面のずれ
　　　　　　　　　→　鉄筋径の1/4超
→　切り取って再圧接しなければならない。　つまり一からやり直し。
ズレは再加熱しても修正が難しいので、切り取って再圧接。",,"・不良圧接部の修正
①ふくらみの直径　→　鉄筋径の1.4倍未満の場合
②ふくらみの長さ　→　鉄筋径の1.1倍未満の場合
⑤著しい折れ曲がりがある場合
→　再加熱して修正すればよい。
①、②はふくらみ不足で、ガス圧接の途中段階と考えられるので、再加熱して修正してふくらみを大きくすれば良い。
⑤の折れ曲がりも再加熱で修正が可能。
――――――――――――――――――――――
③中心軸の偏心量　→　鉄筋径の1/5超
④ふくらみの頂部からの圧接面のずれ
　　　　　　　　　→　鉄筋径の1/4超
→　切り取って再圧接しなければならない。　つまり一からやり直し。
ズレは再加熱しても修正が難しいので、切り取って再圧接。",
"・ガス圧接継手の継手部の検査
外観検査：全数。目視、ノギス、スケール
超音波検査：1検査ロットからランダムに○○箇所。不合格○○箇所以上で不合格。
引張試験法：1検査ロットから○○本
1検査ロット：1組の作業班が1日に施工した圧接箇所の数量",,"・ガス圧接継手の継手部の検査
外観検査：全数。目視、ノギス、スケール
超音波検査：1検査ロットからランダムに30箇所。不合格2箇所以上で不合格。
引張試験法：1検査ロットから3本
1検査ロット：1組の作業班が1日に施工した圧接箇所の数量",
"■機械式継手の種類
①ね○○継手：
　ト○○方式：カプラーと鉄筋の緩みを、ロックナットで締付ける。
　グ○○方式：カプラーと鉄筋の緩みを、モルタル・樹脂を注入する。
②鋼○○継手：外側から加圧して、スリーブを食い込ませて接合。
③充○○継手：スリーブに、無収縮高強度モルタルを充填して一体化。
④端○○継手：鉄筋の端部をねじと摩擦圧接して、カプラーと接合。
⑤併○○継手：2種類の機械式継手を組み合わせ。圧着ねじ併用継手、充填圧着併用継手等。",,"■機械式継手
①ねじ節継手：
　トルク方式：カプラーと鉄筋の緩みを、ロックナットで締付ける。
　グラウト方式：カプラーと鉄筋の緩みを、モルタル・樹脂を注入する。
②鋼管圧着継手：外側から加圧して、スリーブを食い込ませて接合。
③充填継手：スリーブに、無収縮高強度モルタルを充填して一体化。
④端部ねじ継手：鉄筋の端部をねじと摩擦圧接して、カプラーと接合。
⑤併用継手：2種類の機械式継手を組み合わせ。圧着ねじ併用継手、充填圧着併用継手等。",
■配筋のポイント,,■配筋のポイント,
【011型枠工事】,,【011型枠工事】,
"■せき板の種類
木材：製材、合板
金属：金属製型枠パネル、デッキプレート型枠、ラス型枠
コンクリート：プレキャストコンクリート",,"■せき板の種類
木材：製材、合板
金属：金属製型枠パネル、デッキプレート型枠、ラス型枠
コンクリート：プレキャストコンクリート",
"■型枠工法
ラス型枠工法、
プレキャストコンクリート型枠工法、
デッキプレート型枠工法、
スリップフォーム型枠工法",,"■型枠工法
ラス型枠工法、プレキャストコンクリート型枠工法、デッキプレート型枠工法、スリップフォーム型枠工法",
"デッキプレート型枠には、施工荷重によるたわみを考慮して
○○mm程度のキャンバー（むくり）がつけてある。",,"デッキプレート型枠には、施工荷重によるたわみを考慮して
10mm程度のキャンバー（むくり）がつけてある。",
"壁型枠の配管スリーブは
開口補強が○○要、
スリーブ径が○○mm以下
の場合、紙チューブとすることができる。

※開口補強は一般に径100mm以下であれば不要なことが多い。が、詳細な条件は構造設計/構造図の確認が必要。",,"壁型枠の配管スリーブは
開口補強が不要、
スリーブ径が200mm以下
の場合、紙チューブとすることができる。

※開口補強は一般に径100mm以下であれば不要なことが多い。が、詳細な条件は構造設計/構造図の確認が必要。",
■型枠支保工の設計,,■型枠支保工の設計,
■型枠の加工・組立,,■型枠の加工・組立,
■型枠支保工の残置期間,,■型枠支保工の残置期間,
"・せき板存置期間のコンクリートの材齢（20度以上/20～10度）
早強ポルトランドセメント：○○/3日
普通ポルトランドセメント：○○/6日
高炉セメントB種：○○/8日
中庸熱ポルトランドセメント：○○/9日",,"・せき板存置期間のコンクリートの材齢（20度以上/20～10度）
早強ポルトランドセメント：2/3日
普通ポルトランドセメント：4/6日
高炉セメントB種：5/8日
中庸熱ポルトランドセメント：7/9日",
【012コンクリート工事①】,,【012コンクリート工事①】,
■コンクリートの種類・品質,,■コンクリートの種類・品質,
・普通コンクリートの設計基準強度：○○N/mm2～○○N/mm2,,・普通コンクリートの設計基準強度：18N/mm2～48N/mm2,
"・耐久設計基準強度：
短期：○○N/mm2
標準：○○N/mm2
長期：○○N/mm2
超長期：○○N/mm2",,"・耐久設計基準強度：
短期：18N/mm2
標準：24N/mm2
長期：30N/mm2
超長期：36N/mm2",
・品質基準強度：設計基準強度、または、耐久設計基準強度の大きい方,,・品質基準強度：設計基準強度、または、耐久設計基準強度の大きい方,
"・アルカリ骨材反応を防ぐ3つのポイント
反応性の骨材を使用しない
コンクリート中のアルカリ量を低減
抑制効果のある混合セメントを使用",,"・アルカリ骨材反応を防ぐ3つのポイント
反応性の骨材を使用しない
コンクリート中のアルカリ量を低減
抑制効果のある混合セメントを使用",
"・許容ひび割れ幅
○○mm(非腐食環境であれば○○mm)",,"・許容ひび割れ幅
0.3mm(非腐食環境であれば0.5mm)",
・壁の最大面積：最大○○m2,,・壁の最大面積：最大25m2,
・壁の辺長比：○○以下（○○さ/○○さ ）,,・壁の辺長比：1.25以下（長さ/高さ ）,
・ひび割れ誘発目地の深さ：実壁厚さの○○/5以上、目地間隔○○m以下,,・ひび割れ誘発目地の深さ：実壁厚さの1/5以上、目地間隔3m以下,
"ひび割れの補修
①乾○○ひび割れ：
ひび割れ進行が止まってから、エ○○工法などによりひび割れを埋めて補修。

②プ○○ひび割れ
コンクリートが固まる前の収縮ひび割れ。
速やかにタ○○により処置します。",,"ひび割れの補修
①乾燥収縮ひび割れ：
ひび割れ進行が止まってから、エポキシ樹脂注入工法などによりひび割れを埋めて補修。

②プラスチック収縮ひび割れ
コンクリートが固まる前の収縮ひび割れ。
速やかにタンピングにより処置します。",
"■調合
・スランプ：特記無い場合○○cm
・空気量：特記無い場合○○%
・水セメント比：
普通コンクリート：○○%
低熱コンクリート：○○%",,"■調合
・スランプ：特記無い場合18cm
・空気量：特記無い場合4.5%
・水セメント比：
普通コンクリート：65%
低熱コンクリート：60%",
"回収水（スラッジ水）が利用できるコンクリート
計画共用期間の級が
短期：○○
標準：○○
長期：○○
超長期：○○

コンクリート種類が
高強度：○○
高流動：○○",,"回収水（スラッジ水）が利用できるコンクリート
計画共用期間の級が
短期：OK
標準：OK
長期：NG
超長期：NG

コンクリート種類が
高強度：NG
高流動：NG",
【013コンクリート工事②】,,【013コンクリート工事②】,
"コンクリートの発注・製造・受け入れ
・コンクリート工場：同一工区に2つ以上の工場はNG
・呼び強度の算出：調合管理強度（=品質基準強度+構造体強度補正値)
・呼び強度保証する材齢：原則○○日
・ミキサー車の荷下ろし直前にドラムの高速回転を行う。",,"■コンクリートの発注・製造・受け入れ
・コンクリート工場：同一工区に2つ以上の工場はNG
・呼び強度の算出：調合管理強度（=品質基準強度+構造体強度補正値)
・呼び強度保証する材齢：原則28日
・ミキサー車の荷下ろし直前にドラムの高速回転を行う。",
"コンクリート受入検査
スランプ許容差：
○○～○○cmの場合、○○cm
○○cmの場合、○○cm

空気量の許容差：○○%",,"コンクリート受入検査
スランプ許容差：
8～18cmの場合、±2.5cm
21cmの場合、±1.5cm

空気量の許容差：±1.5%",
"暑中コンクリートの荷下ろし時の温度：○○度以下
寒中コンクリートの荷下ろし時の温度：○○度～○○度（※ただし監理者承認あれば下限○○度OK）",,"暑中コンクリートの荷下ろし時の温度：35度以下
寒中コンクリートの荷下ろし時の温度：10度～20度（※ただし監理者承認あれば下限5度OK）",
■構造体コンクリートの圧縮強度の検査,,■構造体コンクリートの圧縮強度の検査,
"・1検査ロット
普通コンクリート ： 「打込み日ごと」「打込み区画ごと」「コンクリート150m3ごと」
高強度コンクリート：「打込み日ごと」「打込み区画ごと」「コンクリート300m3ごと」",,"・1検査ロット
普通コンクリート ： 「打込み日ごと」「打込み区画ごと」「コンクリート150m3ごと」
高強度コンクリート：「打込み日ごと」「打込み区画ごと」「コンクリート300m3ごと」",
"・1検査ロットの試験回数
普通コンクリート ：○○回
高強度コンクリート：○○回",,"・1検査ロットの試験回数
普通コンクリート ：1回
高強度コンクリート：3回",
"・1検査ロットの供試体の数
普通コンクリート ： 適切な間隔をあけた「○○台の運搬車」から○○個ずつ採取し、合計○○個の供試体を作製する。
高強度コンクリート： 適切な間隔をあけた「○○台の運搬車」それぞれに対して「○○台につき○○個ずつ採取して行う1回の試験」を行い、合計○○回の試験、合計○○個の供試体を作製する。
圧縮強度試験に用いる供試体の養生方法には、主に次の3種類があります。
■標準養生・・・・・約○○℃に温度調整された水中で養生。
■現場水中養生・・・現場気温で○○で養生。
■現場封かん養生・・現場気温でビニールなどで○○して養生。",,"・1検査ロットの供試体の数
普通コンクリート ： 適切な間隔をあけた「3台の運搬車」から1個ずつ採取し、合計3個の供試体を作製する。
高強度コンクリート： 適切な間隔をあけた「3台の運搬車」それぞれに対して「1台につき3個ずつ採取して行う1回の試験」を行い、合計3回の試験、合計9個の供試体を作製する。
圧縮強度試験に用いる供試体の養生方法には、主に次の3種類があります。
■標準養生・・・・・約20℃に温度調整された水中で養生。
■現場水中養生・・・現場気温で水中で養生。
■現場封かん養生・・現場気温でビニールなどで包んで（封かん）して養生。",
■運搬・打ち込み・締固め・養生・仕上がり,,■運搬・打ち込み・締固め・養生・仕上がり,
・先送りモルタルとは：配管内を潤す。廃棄する。,,・先送りモルタルとは：配管内を潤す。廃棄する。,
・スランプ○○cm程度の打ち込み速度：○○～○○m3が目安,,・スランプ18cm程度の打ち込み速度：20-30m3が目安,
"・一般的な打ち重ね時間間隔：
外気温が○○度以下：○○分
外気温が○○度以上：○○分
※コールドジョイントが発生しない範囲",,"・一般的な打ち重ね時間間隔：
外気温が25度以下：150分
外気温が25度以上：120分
※コールドジョイントが発生しない範囲",
"・バイブレーターの注意点
バイブレーター使って、柱を通過して横流しはNG
内部振動機の挿入間隔：呼び径の○○倍程度
内部振動機の加振時間 ：○○～○○秒程度 or セ○○が浮くまで。
外部振動機の取り付け間隔：通常壁で○○～○○m程度
外部振動機の加振時間：○○～○○分（スランプ○○cm程度）",,"・バイブレーターの注意点
バイブレーター使って、柱を通過して横流しはNG
内部振動機の挿入間隔：呼び径の10倍程度
内部振動機の加振時間 ：5～15秒程度 or セメントペースト浮くまで。
外部振動機の取り付け間隔：通常壁で2～3m程度
外部振動機の加振時間：1-3分（スランプ18cm程度）",
"高流動コンクリートのポイント
・流動化剤の添加、攪拌は、工○○で行う。
・材料の分離等が見られない場合、締固めが○○要な場合が多い。",,"流動化コンクリートのポイント
・流動化剤の添加、攪拌は、工事現場で行う。
・材料の分離等が見られない場合、締固めが不要な場合が多い。",
"コンクリートの養生温度
・○○日間は○○℃以上に保つ。",,"コンクリートの養生温度
・5日間は2℃以上に保つ。",
"湿潤養生の期間
普通ポルトランドセメントの場合
・計画供用期間の級、短期、標準：○○日間以上
・計画供用期間の級、長期、超長期：○○日間以上

湿潤養生開始のタイミング
・ブ○○水が消失
・せき板に面は、○○後",,"湿潤養生の期間
普通ポルトランドセメントの場合
・計画供用期間の級、短期、標準：5日間以上
・計画供用期間の級、長期、超長期：7日間以上

湿潤養生開始のタイミング
・ブリーディング水が消失
・せき板に面は、脱型後",
【014コンクリート工事③】,,【014コンクリート工事③】,
※細かいコンクリートの特徴を書く！,,※細かいコンクリートの特徴を書く！,
プレストレストコンクリート,,プレストレストコンクリート,
【015鉄骨工事①】,,【015鉄骨工事①】,
■材料・工作,,■材料・工作,
"・主な鉄骨工場の作業工程と注意点
工作図
切断、切削
孔あけ：ドリル孔あけが原則。特記あればレーザー孔あけが可能。板厚が13mm以下の時はせん断孔あけ可能。
曲げ：常温または加熱加工とする。青熱脆性域で加工はNG。
組立溶接：4mm以上の脚長、ビード長さ30mm(板厚6mm以下）か40mm（6mm以上）以上",,"・主な鉄骨工場の作業工程と注意点
工作図
切断、切削
孔あけ：ドリル孔あけが原則。特記あればレーザー孔あけが可能。板厚が13mm以下の時はせん断孔あけ可能。
曲げ：常温または加熱加工とする。青熱脆性域で加工はNG。
組立溶接：4mm以上の脚長、ビード長さ30mm(板厚6mm以下）か40mm（6mm以上）以上",
"鋼材の孔あけ加工
・高力ボルト用：
ド○○孔明け。特記あればレ○○孔明けOK。

・高力ボルト用以外（ボルト用孔、アンカーボルト用孔、鉄筋の貫通孔）：
原則ド○○孔明け。特記あればレ○○孔明けOK。
板厚○○mm以下はせん断孔あけOK。

・設備配管用貫通孔
孔径○○mm以上の場合はガス孔あけOK。",,"鋼材の孔あけ加工
・高力ボルト用：
ドリル孔明け。特記あればレーザー孔明けOK。

・高力ボルト用以外（ボルト用孔、アンカーボルト用孔、鉄筋の貫通孔）：
原則ドリル孔明け。特記あればレーザー孔明けOK。
板厚13mm以下はせん断孔あけOK。

・設備配管用貫通孔
孔径30mm以上の場合はガス孔あけOK。",
■溶接接合・検査,,■溶接接合・検査,
"エンドタブ取付：
裏○○金に溶接・取付（母材にはNG）",,"エンドタブ取付：
裏当て金に溶接・取付（母材にはNG）",
"エンドタブの切断：
特記無い場合○○要",,"エンドタブの切断：
特記無い場合不要",
"裏当て金の組立溶接：
フランジ両端の○○mm、ウェブR部分の○○mm以内は行わない",,"裏当て金の組立溶接：
フランジ両端の5mm、ウェブR部分の5mm以内は行わない",
溶接NGな気温：○○度以下NG。○○~○○度の場合は余熱すればOK。,,溶接NGな気温：-5度以下NG。-5~5度の場合は余熱すればOK。,
溶接NGな風速：○○m/s以上はガスシールドアーク溶接NG。,,溶接NGな風速：2m/s以上はガスシールドアーク溶接NG。,
溶接欠陥と補修,,溶接欠陥と補修,
"■表面割れ（クラック）
　→○○mm以上余分に除去・船底型",,"■表面割れ（クラック）
　→50mm以上余分に除去・船底型",
"■内部欠陥（スラグ巻込み・溶込み不良・融合不良・ブローホール）
　→○○mm程度余分に除去・船底型",,"■内部欠陥（スラグ巻込み・溶込み不良・融合不良・ブローホール）
　→20mm程度余分に除去・船底型",
"溶接部の受入れ検査方法
目○○検査
浸○○試験
磁○○試験
超○○試験：溶接○○箇所以下で1ロット。○○個サンプリングで1か所NGで不合格。
ス○○試験：スタッド○○以下、または、部材1本の本数で1ロット。1本サンプリングでNGなら、更に○○本検査。",,"溶接部の受入れ検査方法
目視検査
浸透探傷試験
磁紛探傷試験
超音波探傷試験：溶接300箇所以下で1ロット。30個サンプリングで1か所NGで不合格。
スタッド打撃曲げ試験：スタッド100以下、または、部材1本の本数で1ロット。1本サンプリングでNGなら、更に2本検査。",
"鉄骨製作工場の認定グレードの順番
①○○
②○○
③○○
④○○
⑤○○",,"鉄骨製作工場の認定グレードの順番
①S
②H
③M
④R
⑤J",
【016鉄骨工事②】,,【016鉄骨工事②】,
"肌すきがある場合の対処法
○○mm以下：処理○○要
○○mm超：フ○○プレートを入れる",,"肌すきがある場合の対処法
1mm以下：処理不要
1mm超：フィラープレートを入れる",
"トルシア形高力ボルトの検査基準
・目視検査：
ピ○○破断
共○○り、軸○○り、無し

・ナット回転量：平均回転角度○○度以内

・ボルト余長：○○～○○山",,"トルシア形高力ボルトの検査基準
・目視検査：
ピンテール破断
共回り、軸回り無し

・ナット回転量：平均回転角度±30度以内

・ボルト余長：1～6山",
"高力六角ボルトの検査基準
・目視検査
共○○り無し

・ナット回転量：○○度±○○度
回転量不足のものは追○○めする。

・ボルト余長：○○～○○山",,"高力六角ボルトの検査基準
・目視検査
共回り無し

・ナット回転量：120度±30度
回転量不足のものは追い締めする。

・ボルト余長：1～6山",
"仮ボルトの締付け本数
・高力ボルト継手：仮ボルトの種類：○○ボルト、本数：1/○○程度かつ○○本以上
・混用接合・併用継手：仮ボルトの種類：○○ボルト、本数：1/○○程度かつ○○本以上
・エレクションピース：仮ボルトの種類：○○ボルト、本数：○○
※エレクションピースは柱の建て入れ用の奴ね！",,"■仮ボルトの締付け本数
・高力ボルト継手：仮ボルトの種類：中ボルト、本数：1/3程度かつ2本以上
・混用接合・併用継手：仮ボルトの種類：中ボルト、本数：1/2程度かつ2本以上
・エレクションピース：仮ボルトの種類：高力ボルト、本数：全数
※エレクションピースは柱ね！",
■錆止め塗装,,■錆止め塗装,
【017鉄骨工事③】,,【017鉄骨工事③】,
■工事現場施工,,■工事現場施工,
・柱脚部アンカーボルトのベースモルト厚さ：○○～○○mm,,・柱脚部アンカーボルトのベースモルト厚さ：30-50mm,
・アンカーボルト上部の余長：二重ナット締めした後ねじが○○山以上でる,,・アンカーボルト上部の余長：二重ナット締めした後ねじが3山以上でる,
・アンカーボルトのナット戻り止め：原則○○重ナット。埋込柱脚は○○重ナットでOK。,,・アンカーボルトのナット戻り止め：原則二重ナット。埋込柱脚は一重ナットでOK。,
・建方時に障害となる柱脚の鉄筋の曲げ角度：○○度以下。元の位置に戻す場合○○～○○度に加熱して戻す,,・建方時に障害となる柱脚の鉄筋の曲げ角度：30度以下。元の位置に戻す場合850-900度に加熱して戻す,
・縦入れ直しは筋交いで行うのはNG。専用ワイヤロープで行う。,,・縦入れ直しは筋交いで行うのはNG。専用ワイヤロープで行う。,
・柱の倒れ管理許容差：H/○○以下かつ○○mm以下。,,・柱の倒れ管理許容差：H/1000以下かつ10mm以下。,
■スタッド溶接の検査,,■スタッド溶接の検査,
■耐火被覆工法,,■耐火被覆工法,
■溶融亜鉛めっき工法,,■溶融亜鉛めっき工法,
溶融亜鉛めっきの高力ボルト接合の処理：ブ○○処理、リ○○処理,,溶融亜鉛めっきの高力ボルト接合の処理：ブラスト処理、リン酸塩処理,
"・鉄骨建方工法とクレーン
■建逃げ方式
移○○式クレーン（ク○○クレーン、ト○○クレーン）
■積上げ方式
定○○式クレーン（タ○○クレーン）
※クローラーとは、キャタピラのことです。キャタピラは登録商標。",,"・鉄骨建方工法とクレーン
■建逃げ方式
移動式クレーン（クローラークレーン、トラッククレーン）
■積上げ方式
定置式クレーン（タワークレーン）
※クローラーとは、キャタピラのことです。キャタピラは登録商標。",
【018木工事】,,【018木工事】,
"軸組工法の接合部
・ホ○○金物・ア○○の配置：構造計算に基づいて設置
・ただし、アンカーボルトは下記仕様とする場合も多い
○○mごとに設置、耐力壁の両側では柱芯から○○mm前後に設置",,"軸組工法の接合部
・ホールダウン金物・アンカーボルトの配置：構造計算に基づいて設置
・ただし、アンカーボルトは下記仕様とする場合も多い
2.7mごとに設置、耐力壁の両側では柱芯から200mm前後に設置",
"・接合金物と接合対象
基礎と土台：ア○○ボルト
基礎と柱：ホ○○金物
土台と柱：山形プ○○・かど金物
柱と筋交い：筋○○プレート
柱と胴差：羽○○ボルト
軒桁と小屋梁：羽○○ボルト
軒桁と垂木：ひ○○金物、く○○金物",,"・接合金物と接合対象
基礎と土台：アンカーボルト
基礎と柱：ホールダウン金物
土台と柱：山形プレート・かど金物
柱と筋交い：筋交いプレート
柱と胴差：羽子板ボルト
軒桁と小屋梁：羽子板ボルト
軒桁と垂木：ひねり金物、くら金物",
■下地材の配置と面材の留め付,,■下地材の配置と面材の留め付,
"1階床の工法
・根○○工法
・根○○工法",,"1階床の工法
・根太工法
・根太レス工法",
大引き継手の位置：床束心から○○程度持ち出した位置,,大引き継手の位置：床束心から150程度持ち出した位置,
根太間隔：○○m程度,,根太間隔：303mm程度,
畳床の根太間隔：○○mm程度,,畳床の根太間隔：455mm程度,
【解体工事】,,【解体工事】,
"・解体の方法
破○○解体：破砕して、建物外へ出す。
部○○解体：ブロックとして切り離し、建物外で破砕する",,"・解体の方法
破砕解体：破砕して、建物外へ出す。
部分解体：ブロックとして切り離し、建物外で破砕する",
"・作業場所による違い
階○○作業による解体
地○○作業による解体",,"・作業場所による違い
階上作業による解体
地上作業による解体",
"・主な解体機
大型ブ○○カー、ハンドブ○○カー
圧○○機",,"・主な解体機
大型ブレーカー、ハンドブレーカー
圧砕機",
"・階上作業による解体
重機、コンクリート塊の重量に対応して、支保工を設置。
屋上に楊重した解体重機により最上階から解体
解体したコンクリート塊を利用してスロープを作り、下階に移動する。
解体ガラを落とす、ダメ穴（3mx3m程度）を事前に作る。
原則として、中央部から先に解体（粉塵・騒音を外壁でガード。）
1層ずつ、最後に外壁を内側に転倒させる：転倒解体工法。",,"・階上作業による解体
重機、コンクリート塊の重量に対応して、支保工を設置。
屋上に楊重した解体重機により最上階から解体
解体したコンクリート塊を利用してスロープを作り、下階に移動する。
解体ガラを落とす、ダメ穴（3mx3m程度）を事前に作る。
原則として、中央部から先に解体（粉塵・騒音を外壁でガード。）
1層ずつ、最後に外壁を内側に転倒させる：転倒解体工法。",
"・地上作業による解体
ロングアーム重機を領して、上階から下階に、床→梁→壁→柱の順に解体。",,"・地上作業による解体
ロングアーム重機を領して、上階から下階に、床→梁→壁→柱の順に解体。",
"・騒音、振動、粉じん対策
外部足場：防○○パネルを隙間なく設置
振動レベル計測方法：計測器の指示値の、一定期間の最○○値の平均値を振動レベルとする。
十分な散○○を行う
コンクリートガラが雨水にさらされると雨水排水が強アルカリ性になるため、ph調整を目的とした装置が必要。",,"・騒音、振動、粉じん対策
外部足場：防音パネルを隙間なく設置
振動レベル計測方法：計測器の指示値の、一定期間の最大値の平均値を振動レベルとする。
十分な散水を行う
コンクリートガラが雨水にさらされると雨水排水が強アルカリ性になるため、ph調整を目的とした装置が必要。",
【建設機械】,,【建設機械】,
"・場所打ちコンクリート杭の掘削機
①ア○○掘削機
②リ○○掘削機",,"・場所打ちコンクリート杭の掘削機
①アースドリル掘削機
②リバース掘削機",
"・土工事用の建設機械
①ク○○シェル
②バ○○ホウ
③振○○ローラー
④タ○○ローラー
⑤ラ○○マー
⑥振○○コンパクター
⑦ブ○○ドーザー",,"・土工事用の建設機械
①クラムシェル
②バックホウ
③振動ローラー
④タイヤローラー
⑤ランマー
⑥振動コンパクター
⑦ブルドーザー",
"・楊重運搬機械
①油圧式ト○○クレーン：トラックの上にクレーンを載せている。
②ホ○○クレーン（ラフテレーンクレーン）：ホイールで走行するクレーン。
③ク○○クレーン：キャタピラで走行するクレーン。
※吊り上げ性能：アウトリガーを最大に張り出し、ジブ長さを最短、ジブ傾斜角を最大にした時の最大荷重。",,"・楊重運搬機械
①油圧式トラッククレーン：トラックの上にクレーンを載せている。
②ホイールクレーン（ラフテレーンクレーン）：ホイールで走行するクレーン。
③クローラークレーン：キャタピラで走行するクレーン。
※吊り上げ性能：アウトリガーを最大に張り出し、ジブ長さを最短、ジブ傾斜角を最大にした時の最大荷重。",
【019防水工事】,,【019防水工事】,
"・防水工法の種類
①ア○○防水：アスファルトルーフィングをアスファルトで密着。数層重ねる。釜で溶かすので施工時に煙・臭いが出る。
②改○○防水：上記の工数や臭いを減らしたもの。シート状のものをトーチで溶かす
③シ○○防水：接着工法（接着剤）、機械固定工法（ディスク）がある。
④塗○○防水：X-1工法（脱気筒付ける）、X-2工法（普通に塗る）がある。",,"・防水工法の種類
①アスファルト防水：アスファルトルーフィングをアスファルトで密着。数層重ねる。釜で溶かすので施工時に煙・臭いが出る。
②改質アスファルト防水：上記の工数や臭いを減らしたもの。シート状のものをトーチで溶かす
③シート防水：接着工法（接着剤）、機械固定工法（ディスク）がある。
④塗膜防水：X-1工法（脱気筒付ける）、X-2工法（普通に塗る）がある。",
■防水下地,,■防水下地,
"・勾配：
コンクリート・砂利等で保護する場合：1/○○～1/○○
仕上塗料塗り・仕上げ無しの場合：1/○○～1/○○",,"・勾配：
コンクリート・砂利等で保護する場合：1/100-1/50
仕上塗料塗り・仕上げ無しの場合：1/50-1/20",
・下地面は十分乾燥させる,,・下地面は十分乾燥させる,
"・下地形状
平場のコンクリート表面は、金○○仕上げ
立上り部のコンクリートは、打○○仕上げ
※セパレートは丸セパB型を使い、コーン穴には硬練モルタルを充てんし平坦にする",,"・下地形状
平場のコンクリート表面は、金ごて仕上げ
立上り部のコンクリートは、打放し仕上げ
※セパレートは丸セパB型を使い、コーン穴には硬練モルタルを充てんし平坦にする",
"・入隅
アスファルト防水：面○○り（アスファルトルーフィングが硬いので面取り）
その他の防水（改質アスファルト含む）：直○○（※隅部は役物使ったり、施工性のため）",,"・入隅
アスファルト防水：面取り（アスファルトルーフィングが硬いので面取り）
その他の防水（改質アスファルト含む）：直角（※隅部は役物使ったり、施工性のため）",
"・出隅
すべて面○○行う。",,"・出隅
すべて面取り行う。",
"■ドレン回り
・ドレンは型枠固定し、打込む
・ルーフドレンのつばは、防水層の張りかけ幅が○○mm程度以上確保できる形状
・ルーフドレンのつばの天端は、○○mm～○○mm下げる。半径○○mm程度ですりつける。
・ルーフドレン芯とパラペット立上り面の離隔距離は、ドレン径+○○mm。",,"■ドレン回り
・ドレンは型枠固定し、打込む
・ルーフドレンのつばは、防水層の張りかけ幅が100mm程度以上確保できる形状
・ルーフドレンのつばの天端は、30mm～50mm下げる。半径600mm程度ですりつける。
・ルーフドレン芯とパラペット立上り面の離隔距離は、ドレン径+250mm。",
■■アスファルト防水,,■■アスファルト防水,
■密着工法と絶縁工法,,■密着工法と絶縁工法,
"密着工法
・下地面と防水層を全面接○○
・下地の亀裂などにより破断しやすい
・下地が乾燥していないと、防水層の膨れ等が発生",,"密着工法
・下地面と防水層を全面接着
・下地の亀裂などにより破断しやすい
・下地が乾燥していないと、防水層の膨れ等が発生",
"絶縁工法
・下地に挙動が予想される場所に採用
・周辺部、立上り部は密○○とする。",,"絶縁工法
・下地に挙動が予想される場所に採用
・周辺部、立上り部は密着とする。",
■保護防水と露出防水,,■保護防水と露出防水,
"保護防水
・厚さ：水下で○○mm以上
・溶接金網：線径○○mm以上、網目寸法○○mm程度
・伸縮目地：目地深さ、保護コンクリート表面～絶縁シートまで。パラペット等の立上りから○○m、中間部は○○m間隔。
・絶縁シート：ポリエチレンシート等。",,"保護防水
・厚さ：水下で80mm以上
・溶接金網：線径6.0mm以上、網目寸法100mm程度
・伸縮目地：目地深さ、保護コンクリート表面～絶縁シートまで。パラペット等の立上りから0.6m、中間部は3m間隔。
・絶縁シート：ポリエチレンシート等。",
"露出防水
・工法の2種類：絶○○工法、密○○工法
・絶縁工法の特徴：脱○○装置（脱気筒）
・脱気筒の箇所数：○○～○○m2に1か所
・※密着工法には不要。",,"露出防水
・工法の2種類：絶縁工法、密着工法
・絶縁工法の特徴：脱気装置（脱気筒）
・脱気筒の箇所数：25～100m2に1か所
・※密着工法には不要。",
■アスファルト防水工事の施工,,■アスファルト防水工事の施工,
"①アスファルトプライマーの塗布
・下地は乾燥状態で施工。ルーフィング類の貼り付けは原則翌日以降
・コンクリート下地の場合の使用量：○○kg/m2
・ALCパネル下地の場合は、○○回塗り（合計0.4kg/m2）。",,"①アスファルトプライマーの塗布
・下地は乾燥状態で施工。ルーフィング類の貼り付けは原則翌日以降
・コンクリート下地の場合の使用量：0.2kg/m2
・ALCパネル下地の場合は、2回塗り（合計0.4kg/m2）。",
"②アスファルトの溶融・施工
・溶融窯は出来るだけ施工場所の近くに設置
・溶融温度は製造所指定温度以下。（低煙・低臭型は○○度以下）
・アスファルトの使用量：1層につき○○kg/m2程度。",,"②アスファルトの溶融・施工
・溶融窯は出来るだけ施工場所の近くに設置
・溶融温度は製造所指定温度以下。（低煙・低臭型は240度以下）
・アスファルトの使用量：1層につき1.0kg/m2程度。",
③アスファルトルーフィング類の貼り付け,,③アスファルトルーフィング類の貼り付け,
"・増張り：
出隅入隅：幅○○mm以上のストレッチルーフィングを最下層に増張り
コンクリート打継部：幅○○mm程度の絶縁テープの上に幅○○mm以上のストレッチルーフィングを増張り
貫通配管回り：最下層に網状アスファルトルーフィングを増張り、次に、配管根元の平場にストレッチルーフィングを150mm増張り。立上り防水端部にステンレス製バンドで締付け、上部にシール材。",,"・増張り：
出隅入隅：幅300mm以上のストレッチルーフィングを最下層に増張り
コンクリート打継部：幅50mm程度の絶縁テープの上に幅300mm以上のストレッチルーフィングを増張り
貫通配管回り：最下層に網状アスファルトルーフィングを増張り、次に、配管根元の平場にストレッチルーフィングを150mm増張り。立上り防水端部にステンレス製バンドで締付け、上部にシール材。",
"・平場の張りつけ
重ね幅：○○mm以上",,"・平場の張りつけ
重ね幅：100mm以上",
"・立上り部の張りつけ
原則、平場から連続して張り上げ
高さが○○mm以上の場合は、平場の上に立上りを○○mm程度重ねて、張り上げ",,"・立上り部の張りつけ
原則、平場から連続して張り上げ
高さが300mm以上の場合は、平場の上に立上りを150mm程度重ねて、張り上げ",
"■その他
・打放コンクリートのパラペット天端は、塗膜防水か金属笠木で保護。
・防水層立上りに使用する乾式保護板は高さ○○mm以下とする。
・ルーフィングにしわ・空隙が生じた場合、各層毎に補修。ふくれに進行性がなく、小面積の場合、補修しない方が良い場合がある。
・立上り部の末端部は、押さえ金具で固定し、ゴムアスファルト系シール材を充填",,"■その他
・打放コンクリートのパラペット天端は、塗膜防水か金属笠木で保護。
・防水層立上りに使用する乾式保護板は高さ600mm以下とする。
・ルーフィングにしわ・空隙が生じた場合、各層毎に補修。ふくれに進行性がなく、小面積の場合、補修しない方が良い場合がある。
・立上り部の末端部は、押さえ金具で固定し、ゴムアスファルト系シール材を充填",
■■改質アスファルトシート防水,,■■改質アスファルトシート防水,
"■工法種類
①ト○○工法
②常○○工法",,"■工法種類
①トーチ工法
②常温粘着工法",
"■改質アスファルトシート防水の施工
①プライマー
プライマーの使用量：○○kg/m2
ALCパネル下地の場合は、○○回塗り（合計0.4kg/m2）。
②増張り
出隅入隅の角は、○○mm角程度の増張り
密着工法のALCパネル短辺接合部：幅○○mm程度の絶縁増張り
絶縁工法のALCパネル短辺接合部：幅○○mm程度の絶縁用テープ
③平場の張りつけ
重ね幅：○○mm以上
重ね部は改質アスファルトがはみ出すまで十分に溶融して密着
露出工法用のシートの砂面に重ね合わせる場合は、砂面をあぶって砂を沈めるか、砂をかき取った上で重ねる。
シート3枚重ね部は、水みちになりやすいので、端部を斜めにカットするか、焼いた金ゴテで平滑に処理する。
④立上り部
厚さ2.5mm以上の改質アスファルトシートの上に3mm以上の改質アスファルトシートを重ねる。",,"■改質アスファルトシート防水の施工
①プライマー
プライマーの使用量：0.2kg/m2
ALCパネル下地の場合は、2回塗り（合計0.4kg/m2）。
②増張り
出隅入隅の角は、200mm角程度の増張り
密着工法のALCパネル短辺接合部：幅300mm程度の絶縁増張り
絶縁工法のALCパネル短辺接合部：幅50mm程度の絶縁用テープ
③平場の張りつけ
重ね幅：100mm以上
重ね部は改質アスファルトがはみ出すまで十分に溶融して密着
露出工法用のシートの砂面に重ね合わせる場合は、砂面をあぶって砂を沈めるか、砂をかき取った上で重ねる。
シート3枚重ね部は、水みちになりやすいので、端部を斜めにカットするか、焼いた金ゴテで平滑に処理する。
④立上り部
厚さ2.5mm以上の改質アスファルトシートの上に3mm以上の改質アスファルトシートを重ねる。",
■■合成高分子系シート防水,,■■合成高分子系シート防水,
"シート防水の種類
①合○○シート
②塩○○シート",,"シート防水の種類
①合成ゴムシート
②塩化ビニルシート",
"■シート防水の施工
①プライマー
当日の施工範囲をローラー刷毛で塗布
②増張り
ゴム系：先に○○mm角程度の増張り
塩ビ系：施工○○に成形役物を増張り（※後に、張りつけ！注意）
③平場の張りつけ
ゴム系：○○着剤で、重ね幅○○mm以上
塩ビ系：○○着剤or○○融着で、重ね幅○○mm以上
④立上り部
※書き方むずいな。",,"■シート防水の施工
①プライマー
当日の施工範囲をローラー刷毛で塗布
②増張り
ゴム系：先に200mm角程度の増張り
塩ビ系：施工後に成形役物を増張り（※後に、張りつけ！注意）
③平場の張りつけ
ゴム系：接着剤で、重ね幅100mm以上
塩ビ系：溶着剤or熱風融着で、重ね幅40mm以上
④立上り部
※書き方むずいな。",
"■■塗膜防水
①密○○工法
②絶○○工法",,"■■塗膜防水
①密着工法
②絶縁工法",
"■塗膜防水の施工方法
①補○○布
仮敷きして下地になじませ、しわや耳立ち無いよう、防水材を塗りながら張り付け
補強布重ね幅は○○mm以上
コンクリートの打継部、著しいひび割れ箇所は、U字型にはつり、シーリング材を充填した上で、幅○○mm以上の補強布を用いて、防水材で補強塗りする
②防水材の塗布
防水材の塗継ぎの重ね幅は○○mm以上とする
ウレタンゴム系の使用料：平場部○○kg/m2、立上り部○○kg/m2
ウレタンゴム系の塗膜厚さ：平場○○mm、立上り○○mm
③防水材の使用料の管理
膜厚管理が非常に重要。㎡数と使用済み容器を計算して、問題ないか管理する
④保護・仕上げ
仕上材（トップコート）を塗布する
⑤絶縁工法の注意点
通気緩衝シートは、接着剤を塗布して、突きつけ張り。
立上りは密着工法にする。補強布を通気緩衝シートに○○mm張り掛ける
脱気装置は○○～○○m2に1か所程度設置。",,"■塗膜防水の施工方法
①補強布
仮敷きして下地になじませ、しわや耳立ち無いよう、防水材を塗りながら張り付け
補強布重ね幅は50mm以上
コンクリートの打継部、著しいひび割れ箇所は、U字型にはつり、シーリング材を充填した上で、幅100mm以上の補強布を用いて、防水材で補強塗りする
②防水材の塗布
防水材の塗継ぎの重ね幅は100mm以上とする
ウレタンゴム系の使用料：平場部3.0kg/m2、立上り部2.0kg/m2
ウレタンゴム系の塗膜厚さ：平場3mm、立上り2mm
③防水材の使用料の管理
膜厚管理が非常に重要。㎡数と使用済み容器を計算して、問題ないか管理する
④保護・仕上げ
仕上材（トップコート）を塗布する
⑤絶縁工法の注意点
通気緩衝シートは、接着剤を塗布して、突きつけ張り。
立上りは密着工法にする。補強布を通気緩衝シートに100mm張り掛ける
脱気装置は25～100m2に1か所程度設置。",
■■ステンレスシート防水,,■■ステンレスシート防水,
■■シーリング工事,,■■シーリング工事,
"・ワーキングジョイントとは
金○○部の目地
外○○の部材間目地
外○○に取りつける建具周辺の目地
ガ○○回り目地

・ワーキングジョイントは○○面接着とする
・2面接着とするために、バ○○材・ボ○○ブレーカーを使用する",,"・ワーキングジョイントとは
金属部の目地
外壁パネルの部材間目地
外壁パネルに取りつける建具周辺の目地
ガラス回り目地

・ワーキングジョイントは2面接着とする
・2面接着とするために、バックアップ材・ボンドブレーカーを使用する",
"・ノンワーキングジョイントとは
コ○○の各種目地
石○○地、タ○○の伸縮目地
・ノンワーキングジョイントは○○面接着にする",,"・ノンワーキングジョイントとは
コンクリートの各種目地
石目地、タイルの伸縮目地
・ノンワーキングジョイントは3面接着にする",
■施工,,■施工,
・十字交差部は○○方向から先に充填する（縦の方が水が入りやすいからかな。）,,・十字交差部は鉛直方向から先に充填する（縦の方が水が入りやすいからかな。）,
・シーリング材の打ち継ぎは、○○部を避け、○○打ち継ぎとする。,,・シーリング材の打ち継ぎは、交差部を避け、斜め打ち継ぎとする。,
"・異種シーリング材の打ち継ぎは、原則避ける。やむを得ない場合は、
先打をポリウレタン系、後打をポリサルファイド系または、
先打をポリサルファイド系、後打を変性シリコーン系とする。",,"・異種シーリング材の打ち継ぎは、原則避ける。やむを得ない場合は、
先打をポリウレタン系、後打をポリサルファイド系または、
先打をポリサルファイド系、後打を変性シリコーン系とする。",
・被着体が、○○度以下、○○度以上になる恐れがある場合は施工中止,,・被着体が、5度以下、50度以上になる恐れがある場合は施工中止,
・被着体が、結○○の恐れがある場合（湿度○○%以上）は施工中止,,・被着体が、結露の恐れがある場合（湿度85%以上）は施工中止,
※シーリング材の種類と特徴も書く（シリコン計、ポリサルファイド系などなど）,,※シーリング材の種類と特徴も書く（シリコン計、ポリサルファイド系などなど）,
【020左官・タイル・張り石工事】,,【020左官・タイル・張り石工事】,
■■左官工事,,■■左官工事,
"セメントモルタル塗りの施工順序：○○塗り・○○塗り・○○塗り
その1回の塗厚さ：約○○mm",,"セメントモルタル塗りの施工順序：下塗り・中塗り・上塗り
その1回の塗厚さ：約6mm",
・水分が下地に吸収されて起こる効果不良：ド○○アウト,,・水分が下地に吸収されて起こる効果不良：ドライアウト,
・骨材の砂の最大寸法：塗り厚の半○○以下,,・骨材の砂の最大寸法：塗り厚の半分以下,
・木造のセメントモルタル塗りの一般的な工法：ラ○○ル,,・木造のセメントモルタル塗りの一般的な工法：ラスモルタル,
■下地処理,,■下地処理,
"①現場打設コンクリート下地
高圧水洗浄やサンダー掛け等により、目荒らし・洗浄を行う。
不陸が著しい箇所は、つけ送りを行う。
つけ送りは、1回の厚さ○○mm（最大○○mm）、全体の厚さが○○mm超える場合は、ア○○ピン、ラ○○等を取り付け補強した上でモルタルを塗り付ける。",,"①現場打設コンクリート下地
高圧水洗浄やサンダー掛け等により、目荒らし・洗浄を行う。
不陸が著しい箇所は、つけ送りを行う。
つけ送りは、1回の厚さ6mm（最大9mm）、全体の厚さが25mm超える場合は、アンカーピン、ラス等を取り付け補強した上でモルタルを塗り付ける。",
"②ALCパネル下地
原則として、吸○○材を塗布する
既調合モルタルとし、現場調合モルタルはNG
厚塗りはNG",,"②ALCパネル下地
原則として、吸水調整材を塗布する
既調合モルタルとし、現場調合モルタルはNG
厚塗りはNG",
"■左官作業条件
気温が○○度以下は作業NG
やむを得ず作業を行う場合は、周辺を板やシートで覆い、防寒防風し、内部を加熱器を用いて採暖する。",,"■左官作業条件
気温が5度以下は作業NG
やむを得ず作業を行う場合は、周辺を板やシートで覆い、防寒防風し、内部を加熱器を用いて採暖する。",
"■左官塗り種類
①セメントモルタル塗り
②セメントモルタル塗り（床面）
③床コンクリート直均し仕上げ",,"■左官塗り種類
①セメントモルタル塗り
②セメントモルタル塗り（床面）
③床コンクリート直均し仕上げ",
"■セルフレベリング材塗り
下地処理：下地コンクリートを乾燥させ、清掃後、吸○○材の○○回塗り

SL材の種類：
せ○○系：施工性良いが耐水性悪い、
セ○○系：水掛りはこれ。

養生：硬化するまで窓や開口は塞ぎ、通○○は無くす。
養生期間：一般に○○日以上。低温の場合は○○日以上。仕上げ施工は○○日以内。",,"■セルフレベリング材塗り
下地処理：下地コンクリートを乾燥させ、清掃後、吸水調整材の2回塗り

SL材の種類：
せっこう系：施工性良いが耐水性悪い、
セメント系：水掛りはこれ。

養生：硬化するまで窓や開口は塞ぎ、通風は無くす。
養生期間：一般に7日以上。低温の場合は14日以上。仕上げ施工は30日以内。",
■仕上げ塗材,,■仕上げ塗材,
"使用頻度が高い複層仕上塗材は、次の4種類です。
①複層仕上塗E：吹○○タイル
②防水形複層仕上塗E：弾○○タイル
③複層仕上塗RE：水○○タイル
④複層仕上塗Si：水○○タイル
※②が出題されやすいので、以下は②の内容。",,"使用頻度が高い複層仕上塗材は、次の4種類です。
①複層仕上塗E：吹付けタイル
②防水形複層仕上塗E：弾性タイル
③複層仕上塗RE：水性エポキシタイル
④複層仕上塗Si：水性無機高分子吹付けタイル
※②が出題されやすいので、以下は②の内容。",
"・下地調整
原則、合成樹脂エマルションシーラーを塗布（モルタルの場合は、仕上塗料の下塗材代用する場合省略可能）",,"・下地調整
原則、合成樹脂エマルションシーラーを塗布（モルタルの場合は、仕上塗料の下塗材代用する場合省略可能）",
"・下塗り
所要量0.1kg/m2以上。専用薄め液で均一になるようにする。下塗り材の吸込みは下地の種類や状態によって異なるため、試し塗りする。",,"・下塗り
所要量0.1kg/m2以上。専用薄め液で均一になるようにする。下塗り材の吸込みは下地の種類や状態によって異なるため、試し塗りする。",
"・増し塗り
出隅、入隅、目地部、開口部回り等には、はけ又はローラーにより、端部に段差の出ないように増し塗りを行う。",,"・増し塗り
出隅、入隅、目地部、開口部回り等には、はけ又はローラーにより、端部に段差の出ないように増し塗りを行う。",
"・主材塗り
①基層塗り：所要量1.7kg/m2、2回塗り。
②模様塗り：ローラー（ゆず肌仕上等）や、吹付（凹凸・砂壁風仕上）で塗る。
ローラー0.6kg/m2以上を1回塗り。吹付0.7kg/m2以上1回塗り。",,"・主材塗り
①基層塗り：所要量1.7kg/m2、2回塗り。
②模様塗り：ローラー（ゆず肌仕上等）や、吹付（凹凸・砂壁風仕上）で塗る。
ローラー0.6kg/m2以上を1回塗り。吹付0.7kg/m2以上1回塗り。",
"・凸部処理
ヘッドカット仕上等の場合は、こて又はローラー押えで、見本と同様の模様となるように押さえる。",,"・凸部処理
ヘッドカット仕上等の場合は、こて又はローラー押えで、見本と同様の模様となるように押さえる。",
"・上塗り
所要量0.25kg/m2以上で、2回塗り。",,"・上塗り
所要量0.25kg/m2以上で、2回塗り。",
■■タイル工事,,■■タイル工事,
"・タイル張りの工法
密○○張り
改○○張り
改○○張り
モ○○張り
マ○○張り
接○○張り",,"・タイル張りの工法
密着張り
改良積み上げ張り
改良圧着張り
モザイクタイル張り
マスク張り
接着剤張り",
■セメントモルタルによる後張り工法,,■セメントモルタルによる後張り工法,
"・共通事項
コンクリート下地面の場合、吸○○剤を塗布
モルタル下地の場合は、水○○（みず○○）でもOK。
役物を先に張り付け
モルタル練りからタイル張り完了まで○○分以内とする",,"・共通事項
コンクリート下地面の場合、吸水調整剤を塗布
モルタル下地の場合は、水湿し（みずしめし）でもOK。
役物を先に張り付け
モルタル練りからタイル張り完了まで60分以内とする",
"・密着張り
下地モルタル面に張り付けモルタルを塗り付け、振動工具で1枚ずつ埋め込む。
張り付けモルタルの塗付け面積限度：触れると手につく状態のままタイル張りが完了できる範囲。○○m2/人以内。二度塗りとし、合計塗厚は○○～○○mm。
上部から下部へ1段置きに張り付け。
加振はモルタルがタイルの4辺から目地部にはみ出るまで行う。※はみ出たモルタルをコテで抑える「一○○押さえ」は深目地になりやすいのでNG。",,"・密着張り
下地モルタル面に張り付けモルタルを塗り付け、振動工具で1枚ずつ埋め込む。
張り付けモルタルの塗付け面積限度：触れると手につく状態のままタイル張りが完了できる範囲。2m2/人以内。二度塗りとし、合計塗厚は5～8mm。
上部から下部へ1段置きに張り付け。
加振はモルタルがタイルの4辺から目地部にはみ出るまで行う。※はみ出たモルタルをコテで抑える「一発目地押さえ」は深目地になりやすいのでNG。",
"・改良積み上げ張り
タイル裏面に張り付けモルタルを載せて、下地モルタル面に1枚ずつ押し付けるようにたたき締めを行い、1段ごとに○○から○○へ張り上げていく工法。
張り付けモルタルはタイル裏面に○○～○○mmで平らに塗付け。
タイル裏面のモルタル塗り置き時間は、○○分以内とし、直ちに張り付ける。
1日の張り付け高さは○○m以内。",,"・改良積み上げ張り
タイル裏面に張り付けモルタルを載せて、下地モルタル面に1枚ずつ押し付けるようにたたき締めを行い、1段ごとに下部から上部へ張り上げていく工法。
張り付けモルタルはタイル裏面に7～10mmで平らに塗付け。
タイル裏面のモルタル塗り置き時間は、5分以内とし、直ちに張り付ける。
1日の張り付け高さは1.5m以内。",
"・改良圧着張り
中塗りまで施工した下地モルタル面+タイル裏面の両面に張り付けモルタル塗り、たたき押さえて張り付ける工法
下地面へは2度塗りとし、合計塗り厚は○○～○○mmとする。
タイル裏面は、厚さ○○～○○mmとする。
張り付けモルタルの塗付け面積限度：触れると手につく状態のままタイル張りが完了できる範囲。○○m2/人以内。",,"・改良圧着張り
中塗りまで施工した下地モルタル面+タイル裏面の両面に張り付けモルタル塗り、たたき押さえて張り付ける工法
下地面へは2度塗りとし、合計塗り厚は4～6mmとする。
タイル裏面は、厚さ1～3mmとする。
張り付けモルタルの塗付け面積限度：触れると手につく状態のままタイル張りが完了できる範囲。2m2/人以内。",
"・モザイクタイル張り
※後で書く",,"・モザイクタイル張り
※後で書く",
"・マスク張り
※後で書く",,"・マスク張り
※後で書く",
"■接着剤によるタイル後張り工法（接着剤張り）
下地調整：乾燥状態であることを確認
塗付け面積の限度は、張り付け可能時間に貼り終える面積。（一般に○○分）
接着剤は下地面に○○～○○mm塗布した後、くし目ごて（角度60度立てて）を用いる。
くし目方向は、タイル裏足と平行にならないようにする。
タイルは手でもみこんだ後、たたき板や加振機で押える。
接着剤：JIS規格品で一液反応硬化型変成シリコーン樹脂系",,"■接着剤によるタイル後張り工法（接着剤張り）
下地調整：乾燥状態であることを確認
塗付け面積の限度は、張り付け可能時間に貼り終える面積。（一般に30分）
接着剤は下地面に3～5mm塗布した後、くし目ごて（角度60度立てて）を用いる。
くし目方向は、タイル裏足と平行にならないようにする。
タイルは手でもみこんだ後、たたき板や加振機で押える。
接着剤：JIS規格品で一液反応硬化型変成シリコーン樹脂系",
■タイル工事一般,,■タイル工事一般,
"・伸縮調整目地
コンクリートのひび割れ誘発目地、下地モルタルの伸縮調整目地、タイルの伸縮調整目地の位置は○○させる。
鉛直方向の目地：柱の両脇、中間部の○○~○○m程度の位置に設ける
水平方向の目地：各階ごとの打○○目地の位置に設ける",,"・伸縮調整目地
コンクリートのひび割れ誘発目地、下地モルタルの伸縮調整目地、タイルの伸縮調整目地の位置は一致させる。
鉛直方向の目地：柱の両脇、中間部の3~4m程度の位置に設ける
水平方向の目地：各階ごとの打ち継ぎ目地の位置に設ける",
"・目地詰め
目地深さ：タイル厚の1/○○以下
目地幅：○○～○○mm程度。（6mm以下だと目地押えが困難になりやすい）
目地詰めタイミング：タイル張り付け後、○○時間以上経緯した後、張り付けモルタルの硬化を見計らって行う。
※目地は、見かけの問題だけではなく、剥落防止にも重要な役目を果たす。",,"・目地詰め
目地深さ：タイル厚の1/2以下
目地幅：6～11mm程度。（6mm以下だと目地押えが困難になりやすい）
目地詰めタイミング：タイル張り付け後、24時間以上経緯した後、張り付けモルタルの硬化を見計らって行う。
※目地は、見かけの問題だけではなく、剥落防止にも重要な役目を果たす。",
・引張接着強度の基準：○○N/mm2以上,,・引張接着強度の基準：0.4N/mm2以上,
・夏季の施工の注意点：直射日光が当たらないようシート養生等にする,,・夏季の施工の注意点：直射日光が当たらないようシート養生等にする,
■■張り石工事,,■■張り石工事,
"・種類
①外○○工法：裏込めセメントモルタルで固定用ピン設置し、そのピンで石をとめる
②外○○工法：アンカーでファスナー金物固定し、金物で石をとめる
③内○○構法：",,"・種類
①外壁湿式工法：裏込めセメントモルタルで固定用ピン設置し、そのピンで石をとめる
②外壁乾式工法：アンカーでファスナー金物固定し、金物で石をとめる
③内壁空積構法：",
"・共通事項のポイント
裏込めセメントモルタルの厚さ：○○cm程度
湿式工法で目地部からセメントの水酸化カルシウムがで白○○現象の名前：エ○○",,"・共通事項のポイント
裏込めセメントモルタルの厚さ：4cm程度
湿式工法で目地部からセメントの水酸化カルシウムがで白華現象の名前：エフロレッセンス",
"・②外壁乾式工法のポイント
外壁乾式工法に用いる石材の厚さ：○○mm以上○○mm以下。（JASS9）",,"・②外壁乾式工法のポイント
外壁乾式工法に用いる石材の厚さ：30mm以上70mm以下。（JASS9）",
【021ガラス・建具・金属工事】,,【021ガラス・建具・金属工事】,
■ガラス工事,,■ガラス工事,
"・はめ込み構法の種類
①シ○○構法
②グ○○構法（グレイジング○○/グレイジング○○）
③構○○構法",,"・はめ込み構法の種類
①シーリング構法
②グレイジングガスケット構法（グレイジングチャンネル/グレイジングビード）
③構造ガスケット構法",
"・①シーリング構法のポイント
面○○ランス：ガラス面からサッシ溝の内側。
エ○○ランス：ガラス小口（エッジ）と建具枠との距離。セッティングブロックで確保する。
掛かり代：建具枠に飲み込まれるガラスの寸法
セ○○ブロック：ガラスの自重を支える材料。ガラス両端部から1/○○幅に○○箇所設置する。
バ○○材：ガラスを固定するとともに、シール打設時のシール受けの役目も果たす。",,"・①シーリング構法のポイント
面クリアランス：ガラス面からサッシ溝の内側。
エッジクリアランス：ガラス小口（エッジ）と建具枠との距離。セッティングブロックで確保する。
掛かり代：建具枠に飲み込まれるガラスの寸法
セッティングブロック：ガラスの自重を支える材料。ガラス両端部から1/4幅に2箇所設置する。
バックアップ材：ガラスを固定するとともに、シール打設時のシール受けの役目も果たす。",
"・②グレイジングガスケット構法のポイント
グレイジングチャンネル構法
戸建て住宅等で窓枠のかまちが分割できる場合、グレイジングチャンネルを利用。
水密性・気密性を高めるため、継ぎ目は上○○中央とする。
高い水密性が要求される高層ビルには適さない。
複層ガラスには適さない。（複層ガラスは重たく、セッティングブロック等がない具レイジングガスケット/ビート構法は適切な施工がしにくい）
https://www.smile-net.or.jp/kouza_sekokanri/s_keypoint/s_point_34.html",,"・②グレイジングガスケット構法のポイント
グレイジングチャンネル構法
戸建て住宅等で窓枠のかまちが分割できる場合、グレイジングチャンネルを利用。
水密性・気密性を高めるため、継ぎ目は上辺中央とする。
高い水密性が要求される高層ビルには適さない。
複層ガラスには適さない。（複層ガラスは重たく、セッティングブロック等がない具レイジングガスケット/ビート構法は適切な施工がしにくい）
https://www.smile-net.or.jp/kouza_sekokanri/s_keypoint/s_point_34.html",
"・②グレイジングビート工法のポイント
溝内への水の侵入を許容する場合に使用できる。（侵入した水は速やかに排出される構造とする）",,"・②グレイジングビート工法のポイント
溝内への水の侵入を許容する場合に使用できる。（侵入した水は速やかに排出される構造とする）",
"・③構造ガスケット構法のポイント
ジ○○ガスケットとも呼ばれる。ガラスの支持材、兼、防水材。
○○型と○○型がある。",,"・③構造ガスケット構法のポイント
ジッパーガスケットとも呼ばれる。ガラスの支持材、兼、防水材。
H型とY型がある。",
"・ガラス施工のポイント
網入りガラスのワイヤがさびないよう処理：防錆処理（下端から1/○○の小口）、下辺に水○○孔を設ける
現場内の保管方法：隙間無いように縦置き、少し斜めにしコンクリート壁に立てかけ、ロープなどを結んで固定
熱戦吸収板ガラスの特徴：熱○○しやすい",,"・ガラス施工のポイント
網入りガラスのワイヤがさびないよう処理：防錆処理（下端から1/4の小口）、下辺に水抜き孔を設ける
現場内の保管方法：隙間無いように縦置き、少し斜めにしコンクリート壁に立てかけ、ロープなどを結んで固定
熱戦吸収板ガラスの特徴：熱割れしやすい",
■建具・金属工事,,■建具・金属工事,
S○○構法：接着だけで支持する構法（こえーー。日本ではあまり普及してない）,,SSG構法：接着だけで支持する構法（こえーー。日本ではあまり普及してない）,
D○○構法：穴開けてボルト固定,,DPG構法：穴開けてボルト固定,
■アルミニウム製建具,,■アルミニウム製建具,
異○○腐食：アルミサッシ等と接触する鋼材は亜○○・塗○○をする,,異種金属接触腐食：アルミサッシ等と接触する鋼材は亜鉛メッキ・塗装をする,
ア○○腐食：コンクリートと接触するアルミサッシ等は、耐○○塗装、陽○○被膜（ア○○処理）を行う。,,アルカリ性腐食：コンクリートと接触するアルミサッシ等は、耐アルカリ性塗装、陽極酸化塗装複合被膜（アルマイト処理）を行う。,
着色陽極酸化皮膜は耐アルカリ性塗装が必須。,,着色陽極酸化皮膜は耐アルカリ性塗装が必須。,
"・工場組み立て
アルミを折り曲げ加工する場合は、厚さ○○mm以上とする。
建具の仕口や隅部の突きつけ部分の組み立ては、漏水防止のため、シーリング材・成形シール材を挟んでタッピンねじ止とする。",,"・工場組み立て
アルミを折り曲げ加工する場合は、厚さ1.5mm以上とする。
建具の仕口や隅部の突きつけ部分の組み立ては、漏水防止のため、シーリング材・成形シール材を挟んでタッピンねじ止とする。",
"・現場施工
アルミニウムに接する小ねじの材質は、ステンレスとする。
RC造への取付は、躯体埋め込みアンカーで、溶接で留める。
アンカー配置：両端から○○mm内外逃げた位置＆@○○mm以下。
取付精度：倒れ精度は±○○mmとする。
仮止め用くさび：外部建具ではモルタル充填時に必ず取り除く。屋内で水掛がない場合は、取り除かずモルタル充填OK。
シーリング材の施工：RC造のサッシ周りでは、○○面接着とする（バックアップ材なし）。S造の場合は○○面接着とする。
充填モルタル比率：セメント○○：砂○○とする。
外部建具のモルタル：防○○材入りとする。
建具枠下部のモルタル充填：水○○板、と、サ○○枠とで2回に分け行う。",,"・現場施工
アルミニウムに接する小ねじの材質は、ステンレスとする。
RC造への取付は、躯体埋め込みアンカーで、溶接で留める。
アンカー配置：両端から150mm内外逃げた位置＆@500mm以下。
取付精度：倒れ精度は±2mmとする。
仮止め用くさび：外部建具ではモルタル充填時に必ず取り除く。屋内で水掛がない場合は、取り除かずモルタル充填OK。
シーリング材の施工：RC造のサッシ周りでは、3面接着とする（バックアップ材なし）。S造の場合は2面接着とする。
充填モルタル比率：セメント1：砂3とする。
外部建具のモルタル：防水材入りとする。
建具枠下部のモルタル充填：水切り板、と、サッシ下枠とで2回に分け行う。",
■鋼製建具,,■鋼製建具,
表面板厚：溶融亜鉛めっき、板厚○○mm。,,表面板厚：溶融亜鉛めっき、板厚1.6mm。,
補強板：板厚○○mm以上,,補強板：板厚2.3mm以上,
力骨板厚○○mm、中骨板厚○○mm。,,力骨板厚2.3mm、中骨板厚1.6mm。,
枠類の板厚○○mm。,,枠類の板厚1.6mm。,
沓摺：ステンレス製、板厚○○mm。,,沓摺：ステンレス製、板厚1.5mm。,
フラッシュ戸の中骨間隔：○○mm以下。構造用接合テープで接合。,,フラッシュ戸の中骨間隔：300mm以下。構造用接合テープで接合。,
外部に面するフラッシュ戸の見込み部：○○曲げとする。,,外部に面するフラッシュ戸の見込み部：三方曲げとする。,
内部建具の見込み部：○○曲げとする。,,内部建具の見込み部：二方曲げとする。,
組み立ては一般に、○○。,,組み立ては一般に、溶接。,
小ねじ留めは、屋内・水掛りではない鋼製建具には利用可能。,,小ねじ留めは、屋内・水掛りではない鋼製建具には利用可能。,
沓摺はあらかじめ、モ○○詰めを行う,,沓摺はあらかじめ、モルタル詰めを行う,
■鋼製軽量建具,,■鋼製軽量建具,
表面板厚：○○mm以上。,,表面板厚：0.6mm以上。,
力骨板厚○○mm、中骨板厚○○mm。,,力骨板厚1.6mm、中骨板厚1.6mm。,
その他は、鋼製建具と同様。,,その他は、鋼製建具と同様。,
■シャッター,,■シャッター,
"スラット種類
①イ○○形：防○○シャッター
②オ○○形：防○○シャッター",,"スラット種類
①インターロッキング形：防火シャッター
②オーバーラッピング形：防煙シャッター",
スラット：溶融亜鉛めっき、板厚○○mm,,スラット：溶融亜鉛めっき、板厚1.6mm,
耐風圧性能高めるためには、スラットのは○○止め機構を採用する。,,耐風圧性能高めるためには、スラットのはずれ止め機構を採用する。,
電動シャッター：リ○○スイッチ、急降下制○○/停○○装置（ガ○○装置）、障害物感知装置を設ける。,,電動シャッター：リミットスイッチ、急降下制動/停止装置（ガバナー装置）、障害物感知装置を設ける。,
防火シャッター・防煙シャッター：障害物（人等）があると、停止し、なくなると動く、危○○装置を設ける。,,防火シャッター・防煙シャッター：障害物（人等）があると、停止し、なくなると動く、危害防止装置を設ける。,
【022内外装工事・屋根工事】,,【022内外装工事・屋根工事】,
■内装工事,,■内装工事,
・ボード類の張り付けのポイント,,・ボード類の張り付けのポイント,
"留め付け材：
亜鉛めっきなどの防錆処理を行ったもの。
浴室等のさびやすい箇所では、ステンレス製とする。",,"留め付け材：
亜鉛めっきなどの防錆処理を行ったもの。
浴室等のさびやすい箇所では、ステンレス製とする。",
ボード類の取付間隔,,ボード類の取付間隔,
・①GL工法のポイント,,・①GL工法のポイント,
"・ボードのジョイント処理
ジョイントコ○○を塗り付け、直ちにジ○○テープを張る
グ○○メッシュのジ○○テープを用いる場合は、ジョイントコ○○ドの下塗り省略可能。",,"・ボードのジョイント処理
ジョイントコンパウンドを塗り付け、直ちにジョイントテープを張る
グラスメッシュのジョイントテープを用いる場合は、ジョイントコンパウンドの下塗り省略可能。",
"目地処理の幅
テーパーエッジ：○○～○○mm
ベベルエッジ：○○～○○mm（これが一般的な石膏ボード。中塗り、上塗りが広いのね）",,"目地処理の幅
テーパーエッジ：200-250mm
ベベルエッジ：500-600mm（これが一般的な石膏ボード。中塗り、上塗りが広いのね）",
出隅部分：コ○○ビードを取り付ける,,出隅部分：コーナービードを取り付ける,
曲面対応：ボードの片面に○○を入れて曲げることができる。,,曲面対応：ボードの片面に切れ目を入れて曲げることができる。,
・ビニル床シート張り,,・ビニル床シート張り,
下地面は十分に乾いていること確認。モルタル下地○○日以上、コンクリート下地○○日以上。,,下地面は十分に乾いていること確認。モルタル下地14日以上、コンクリート下地28日以上。,
"シート類は○○方向に縮み、○○方向に延びる性質がある。
長めに切断して仮敷きして室温○○度以上で○○時間以上放置して、巻き癖をとって、なじませる。",,"シート類は長手方向に縮み、幅方向に延びる性質がある。
長めに切断して仮敷きして室温20度以上で24時間以上放置して、巻き癖をとって、なじませる。",
張り付け接着剤は、所定のオ○○を取り、張り付ける。,,張り付け接着剤は、所定のオープンタイムを取り、張り付ける。,
圧着棒を用いて張り付け後、45㎏ローラで圧着する。,,圧着棒を用いて張り付け後、45㎏ローラで圧着する。,
気温が○○度以下になる場合は作業NG。ヒーターで○○度以上にして施工。,,気温が5度以下になる場合は作業NG。ヒーターで10度以上にして施工。,
"湿気のある床（防湿層のない土間コンなど）は、耐水性のある反応形接着剤（エポキシ樹脂系、ウレタン樹脂系）を利用する。
エマルション形は水分の蒸発によって硬化するため多湿な場所にはNG。",,"湿気のある床（防湿層のない土間コンなど）は、耐水性のある反応形接着剤（エポキシ樹脂系、ウレタン樹脂系）を利用する。
エマルション形は水分の蒸発によって硬化するため多湿な場所にはNG。",
・ビニル床タイル張り,,・ビニル床タイル張り,
接着剤のオ○○タイム必要,,接着剤オープンタイム必要,
冬季低温時は、バーナー等でビニル床を軽く加熱しながら圧着,,冬季低温時は、バーナー等でビニル床を軽く加熱しながら圧着,
"・フローリング張り
湿度変化による膨張伸縮を考慮し、壁・巾木・敷居との取り合いには隙間を設ける",,"・フローリング張り
湿度変化による膨張伸縮を考慮し、壁・巾木・敷居との取り合いには隙間を設ける",
"・カーペット敷き
①グ○○工法：端部にグリッパーを固定し、ニーキッカーなどで張力あたえ固定
②全○○工法：接着剤で固定。はく離強度より、せん断強度を重視したカーペットを利用。
③タイルカーペット全○○工法：粘着はく離形接着剤を利用。原則市松敷き。フリーアクセスフロアのパネル目地とタイルカーペットの目地は100mm程度ずらして、またがるように張り付ける。",,"・カーペット敷き
①グリッパー工法：端部にグリッパーを固定し、ニーキッカーなどで張力あたえ固定
②全面接着工法：接着剤で固定。はく離強度より、せん断強度を重視したカーペットを利用。
③タイルカーペット全面接着工法：粘着はく離形接着剤を利用。原則市松敷き。フリーアクセスフロアのパネル目地とタイルカーペットの目地は100mm程度ずらして、またがるように張り付ける。",
"・合成樹脂塗床
下地のモルタル・コンクリートは、原則、金○○仕上げとする。（平坦にする）
下地は十分に乾燥させる
樹脂パテや樹脂モルタルで下地処理（くぼみ、隙間などを平坦化）する場合は、プライマー塗布後に行う。",,"・合成樹脂塗床
下地のモルタル・コンクリートは、原則、金鏝仕上げとする。（平坦にする）
下地は十分に乾燥させる
樹脂パテや樹脂モルタルで下地処理（くぼみ、隙間などを平坦化）する場合は、プライマー塗布後に行う。",
"塗床材の塗り工法：
流○○工法：セルフレベリング工法で平坦。実験室・化学工場等で使われる。
樹○○工法：耐荷重・耐衝撃性がよい。駐車場や倉庫など",,"塗床材の塗り工法：
流しのべ工法：セルフレベリング工法で平坦。実験室・化学工場等で使われる。
樹脂モルタル工法：耐荷重・耐衝撃性がよい。駐車場や倉庫など",
"塗床材料の種類
①弾○○塗床
②ウ○○塗床
③エ○○塗床",,"塗床材料の種類
①弾性ウレタン塗床
②ウレタン樹脂系モルタル塗床
③エポキシ樹脂モルタル塗床",
■断熱工事,,■断熱工事,
"断熱種類
①フェルト状断熱材
　グ○○ル
②ボード状断熱材
　グ○○ル
　イ○○ボード
　発○○ク（ポリスチレン、硬質ウレタン）
③吹き込み用断熱材
　吹込みグ○○ウール
　吹込みセ○○ファイバー
④現場発泡断熱材
　吹付硬質ウ○○ン",,"断熱種類
①フェルト状断熱材
　グラスウール
②ボード状断熱材
　グラスウール
　インシュレーションボード
　発泡プラスチック（ポリスチレン、硬質ウレタン）
③吹き込み用断熱材
　吹込みグラスウール
　吹込みセルロースファイバー
④現場発泡断熱材
　吹付硬質ウレタン",
"・断熱工法種類
①は○○工法
②張○○工法
③打○○工法
④吹○○工法
⑤吹○○工法",,"・断熱工法種類
①はめ込み工法
②張り付け工法
③打ち込み工法
④吹込み工法
⑤吹付け工法",
"・①はめ込み工法のポイント
根太、間柱等の間にはめ込む
隙間なく均一にはめ込む
防湿シート（ポリエチレンフィルム等）は木下地で重ね合わる。重ね代○○mm以上。",,"・①はめ込み工法のポイント
根太、間柱等の間にはめ込む
隙間なく均一にはめ込む
防湿シート（ポリエチレンフィルム等）は木下地で重ね合わる。重ね代30mm以上。",
"・②張り付け工法のポイント
断熱材前面に接着剤を塗布して張り付け（隙間があるとその部分に結露しやすい）
下地コンクリートの不陸、じゃんかは、平滑に補修。○○mm程度の不陸なら接着剤を厚く塗り対応。
窓枠などの施工困難部分は、硬質ウレタンフォームを吹き付ける。",,"・②張り付け工法のポイント
断熱材前面に接着剤を塗布して張り付け（隙間があるとその部分に結露しやすい）
下地コンクリートの不陸、じゃんかは、平滑に補修。3mm程度の不陸なら接着剤を厚く塗り対応。
窓枠などの施工困難部分は、硬質ウレタンフォームを吹き付ける。",
"・③打ち込み工法のポイント
断熱材の継ぎ目は突き付けとして、コンクリートとめとして、テープ張りなどの処理する。
断熱材の継ぎ目にコンクリートがはみ出している箇所は、現場発泡工法によりそのまま補修する。継ぎ目の隙間が大きい場合は、Vカットし、現場発泡工法で補修。
セパ等の金物類は熱橋になるため、断熱材の補修を行う。
コーン撤去後には現場発泡工法で断熱材補修する。
天井吊りボルトは、熱橋防止に樹脂製インサートを用いる。
開口部の枠回りは、現場発泡工法で、吹き付ける。",,"・③打ち込み工法のポイント
断熱材の継ぎ目は突き付けとして、コンクリートとめとして、テープ張りなどの処理する。
断熱材の継ぎ目にコンクリートがはみ出している箇所は、現場発泡工法によりそのまま補修する。継ぎ目の隙間が大きい場合は、Vカットし、現場発泡工法で補修。
セパ等の金物類は熱橋になるため、断熱材の補修を行う。
コーン撤去後には現場発泡工法で断熱材補修する。
天井吊りボルトは、熱橋防止に樹脂製インサートを用いる。
開口部の枠回りは、現場発泡工法で、吹き付ける。",
"・④吹込み工法のポイント
木造工事で、綿上のセルロースファイバーなどをホースで吹き込む。",,"・④吹込み工法のポイント
木造工事で、綿上のセルロースファイバーなどをホースで吹き込む。",
"・⑤吹付工法（現場発泡工法）
目地のない連続した断熱層が得られる。複雑な形状にも施工しやすい。
厚さが不均一になりやすい。
接着性があるため、接着剤は不要。
施工時は、換気の少ない場所では酸欠状態になりやすいので、強制換気などを行う。
施工時の温度、乾燥度が重要。吹付面の温度は○○度以上を保つ。
厚さ○○mm以下の下吹きを行う。
吹付総厚さが○○mm以上の場合は、多層吹きとする。
1日の総吹き付け厚さは○○mmを超えない範囲とする。
厚さ許容差は、○○～○○mm（マイナスは許容されない）
ワイヤゲージなどを用いて、随時厚みを測定しながら吹付る。
厚く吹きすぎた箇所は、カッターナイフなどで表層を除去する。
吹き付け厚さは、確認ピンを打つ。スラブ・壁は○○m2程度に1か所以上。柱梁の場合は○○面に1か所以上。",,"・⑤吹付工法（現場発泡工法）
目地のない連続した断熱層が得られる。複雑な形状にも施工しやすい。
厚さが不均一になりやすい。
接着性があるため、接着剤は不要。
施工時は、換気の少ない場所では酸欠状態になりやすいので、強制換気などを行う。
施工時の温度、乾燥度が重要。吹付面の温度は5度以上を保つ。
厚さ5mm以下の下吹きを行う。
吹付総厚さが30mm以上の場合は、多層吹きとする。
1日の総吹き付け厚さは80mmを超えない範囲とする。
厚さ許容差は、0～+10mm（マイナスは許容されない）
ワイヤゲージなどを用いて、随時厚みを測定しながら吹付る。
厚く吹きすぎた箇所は、カッターナイフなどで表層を除去する。
吹き付け厚さは、確認ピンを打つ。スラブ・壁は5m2程度に1か所以上。柱梁の場合は1面に1か所以上。",
■壁の鋼製下地,,■壁の鋼製下地,
"・軽量鉄骨壁下地の構成
ラ○○ナー（上下のやつ）
ス○○サー（座屈防止？）
ス○○ド（鉛直材）",,"・軽量鉄骨壁下地の構成
ランナー（上下のやつ）
スペーサー（座屈防止？）
スタッド（鉛直材）",
"・ランナーの注意点
ランナーの止付けピン間隔：@○○mm、両端部は○○mm。
ランナー継手は突きつけ。
鉄骨梁に取りつく上部ランナーは、耐火被覆後に先付け金物にタッピングねじ類等で取り付け。",,"・ランナーの注意点
ランナーの止付けピン間隔：@900mm、両端部は50mm。
ランナー継手は突きつけ。
鉄骨梁に取りつく上部ランナーは、耐火被覆後に先付け金物にタッピングねじ類等で取り付け。",
"・スタッドの注意点
スタッドの長さ制限
長さは通常○○mまで。（5m超は特殊仕様になる）
長さが○○~○○mの場合は、90形のスタッドを用いる
スタッド間隔：ボード2枚張り@○○mm、1枚張り@○○mm
上下のランナーの隙間は○○mm以下。
ランナーの水平の間隔精度は±○○mm。垂直精度は±○○mm",,"・スタッドの注意点
スタッドの長さ制限
長さは5mまで。（5m超は特殊仕様になる）
長さが4.0~4.5mの場合は、90形のスタッドを用いる
スタッド間隔：ボード2枚張り@450mm、1枚張り@300mm
上下のランナーの隙間は10mm以下。
ランナーの水平の間隔精度は±5mm。垂直精度は±2mm",
"・振れ止め、スペーサーの注意点
振れ止めの配置：床面ランナー下端から@○○mm（上部ランナーから○○mm以内は省略可能）
振れ止めフランジの向き：フランジ○○向き
スペーサー役割：スタッドの座屈防止、振れ止めの留め付け。
スペーサーの配置：上下ランナー近く＆間隔@○○mm",,"・振れ止め、スペーサーの注意点
振れ止めの配置：床面ランナー下端から@1200mm（上部ランナーから400mm以内は省略可能）
振れ止めフランジの向き：フランジ上向き
スペーサー役割：スタッドの座屈防止、振れ止めの留め付け。
スペーサーの配置：上下ランナー近く＆間隔@600mm",
"・補強材：
開口部補強
※書く",,"・補強材：
開口部補強
※書く",
■天井の鋼製下地,,■天井の鋼製下地,
"・軽量鉄骨天井下地の構成
吊○○ボルト、
野○○受、
野○○",,"・軽量鉄骨天井下地の構成
吊りボルト、
野縁受、
野縁",
"・吊りボルトの注意点
吊りボルト間隔：@○○mm程度、端部から○○mm以内。
野縁受けハンガは吊りボルトにナット○○個で挟み込み固定。
ダクトやダクト支持金物に固定・接触NG。",,"・吊りボルトの注意点
吊りボルト間隔：900mm程度、端部から150mm以内。
野縁受けハンガは吊りボルトにナット2個で挟み込み固定。
ダクトやダクト支持金物に固定・接触NG。",
"・野縁受けの注意点
野縁受けのジョイント位置は、○○配置",,"・野縁受けの注意点
野縁受けのジョイント位置は、千鳥配置",
"・野縁の注意点
野縁の幅：シングル○○mm、ダブル○○mm
野縁の高さ：○○型19mm（主に屋内）、○○型25mm（主に屋外）。※公共標仕。
野縁受けにクリップで留め付け
クリップの向きは、つめの向きを交○○にする（外れ防止）
野縁受けからのはね出しは○○mm以下とする。",,"・野縁の注意点
野縁の幅：シングル25mm、ダブル50mm
野縁の高さ：19型19mm（主に屋内）、25型25mm（主に屋外）。※公共標仕。
野縁受けにクリップで留め付け
クリップの向きは、つめの向きを交互にする（外れ防止）
野縁受けからのはね出しは150mm以下とする。",
"野縁の配置：
下地あり：ダブル野縁@○○mm&その間にシングル野縁を4本@○○mm
下地なし：ダブル野縁@○○mm&その間にシングル野縁を2本@○○mm",,"野縁の配置：
下地あり：ダブル野縁@1800mm&その間にシングル野縁を4本@360mm
下地なし：ダブル野縁@900mm&その間にシングル野縁を2本@300mm",
"・振れ止めの注意点
天井懐が○○mm以上ある場合は、振れ止めとして、
水平補強：縦横@○○mm程度
斜め補強：縦横@○○mm程度（山型を1組として。）
下がり壁などの天井の段違い箇所：間隔@○○mm程度で斜め材を固定。",,"・振れ止めの注意点
天井懐が1500mm以上ある場合は、振れ止めとして、
水平補強：縦横@1800mm程度
斜め補強：縦横@3600mm程度（山型を1組として。）
下がり壁などの天井の段違い箇所：間隔@2700mm程度で斜め材を固定。",
"・その他のポイント
構成下地材に溶接を行った場合は、錆○○塗料を塗布
高○○などで切断した場合の切断面には錆止め塗装は不要。
天井点検口などの開口部には、開口部補強が必要。",,"・その他のポイント
構成下地材に溶接を行った場合は、錆止め塗料を塗布
高速カッターなどで切断した場合の切断面には錆止め塗装は不要。
天井点検口などの開口部には、開口部補強が必要。",
■天井の脱落防止措置,,■天井の脱落防止措置,
"・特定天井の定義
①居室、廊下、その他日常的に人が立ち入る場所の天井
②高さが○○mを超える天井部分で、水平投影面積が200m2を超えるもの
③天井面構成部材等の質量が、天井面1m2あたり○○㎏を超えるもの（照明器具等も含む）",,"・特定天井の定義
①居室、廊下、その他日常的に人が立ち入る場所の天井
②高さが6mを超える天井部分で、水平投影面積が200m2を超えるもの
③天井面構成部材等の質量が、天井面1m2あたり2㎏を超えるもの（照明器具等も含む）",
"・特定天井の構造方法
①天井と周囲の壁等との間に「○○を設ける」構造方法
②天井と周囲の壁等との間に「○○を設けない」構造方法",,"・特定天井の構造方法
①天井と周囲の壁等との間に「隙間を設ける」構造方法
②天井と周囲の壁等との間に「隙間を設けない」構造方法",
"・①天井と周囲の壁等との間に「隙間を設ける」構造方法の内容
周辺壁との隙間を、○○cm以上設ける
野縁や野縁受けは、ジョイントを差し込んだうえでねじ止め。かつ○○m以上離して、○○配置。
吊り材は、天井1m2当たりの平均本数：○○本（単位面積重量が6kg以下は、0.5本）
斜め部材は算定式で必要となる組数をバランスよく配置。
天井面に段○○は設けない。（※縁を切り1cm以上のクリアランスがあればOK）",,"・①天井と周囲の壁等との間に「隙間を設ける」構造方法の内容
周辺壁との隙間を、6cm以上設ける
野縁や野縁受けは、ジョイントを差し込んだうえでねじ止め。かつ1m以上離して、千鳥配置。
吊り材は、天井1m2当たりの平均本数：1本（単位面積重量が6kg以下は、0.5本）
斜め部材は算定式で必要となる組数をバランスよく配置。
天井面に段差は設けない。（※縁を切り1cm以上のクリアランスがあればOK）",
"・②天井と周囲の壁等との間に「隙間を設けない」構造方法の内容
天井と周囲の壁が一体となり動く。
斜め部材を設けない
天井面の長さは梁間方向、桁行方向ともに○○m以下とする。",,"・②天井と周囲の壁等との間に「隙間を設けない」構造方法の内容
天井と周囲の壁が一体となり動く。
斜め部材を設けない
天井面の長さは梁間方向、桁行方向ともに20m以下とする。",
"・既存の特定天井を改修する場合
ネ○○を天井に張る、天井をワ○○で吊る、などにより落下防止する工法も認められている",,"・既存の特定天井を改修する場合
ネットを天井に張る、天井をワイヤで吊る、などにより落下防止する工法も認められている",
■壁・天井の仕上げ,,■壁・天井の仕上げ,
"・石膏ボードのジョイントの施工
ジョイントコ○○ド、ジ○○テープを用いて施工",,"・石膏ボードのジョイントの施工
ジョイントコンパウンド、ジョイントテープを用いて施工",
"・GL工法の寸法
上部：@○○~○○mm程度
下部：@○○~○○mm程度
周辺部：@○○~○○mm程度",,"・GL工法の寸法
上部：@250~300mm程度
下部：@200~250mm程度
周辺部：@150~200mm程度",
■床などの仕上げ,,■床などの仕上げ,
・床タイルの接着剤のポイント：オ○○タイムを設ける,,・床タイルの接着剤のポイント：オープンタイムを設ける,
・長尺シートの場合の事前準備：○○時間前までに、室温○○度以上で巻癖取る,,・長尺シートの場合の事前準備：24時間前までに、室温20度以上で巻癖取る,
"・塗床の工法
流しのべ工法：厚さ○○~○○mm
こて塗り工法：厚さ○○~○○mm
一般的な材料：ポリウレタン樹脂塗床材、エポキシ樹脂塗床材",,"・塗床の工法
流しのべ工法：厚さ1.5~2.0mm
こて塗り工法：厚さ4.0~6.0mm
一般的な材料：ポリウレタン樹脂塗床材、エポキシ樹脂塗床材",
■■外装工事,,■■外装工事,
■押出成形セメント板（ECP）,,■押出成形セメント板（ECP）,
"・パネルの取り付け方
①縦○○工法
②横○○工法",,"・パネルの取り付け方
①縦張り工法
②横張り工法",
"・パネルの取り付け方のポイント
Zクリップは電○○亜鉛めっき処理のもの。高湿度環境では溶○○亜鉛めっき。
Zクリップの下地鋼材への掛かり代：○○mm以上
Zクリップは、下地鋼材に長さ○○mm以上溶接する。",,"・パネルの取り付け方のポイント
Zクリップは電気亜鉛めっき処理のもの。高湿度環境では溶融亜鉛めっき。
Zクリップの下地鋼材への掛かり代：30mm以上
Zクリップは、下地鋼材に長さ15mm以上溶接する。",
"・パネルの加工、切断、孔あけのポイント
加工後のパネル幅の最小限度：○○mm。
欠き込みを行う場合は、パネル幅の1/○○以下かつ○○mm以下。切断後のパネル残部幅○○mm以上（孔あけの場合は○○mm以上）",,"・パネルの加工、切断、孔あけのポイント
加工後のパネル幅の最小限度：300mm。
欠き込みを行う場合は、パネル幅の1/2以下かつ300mm以下。切断後のパネル残部幅300mm以上（孔あけの場合は150mm以上）",
"・各部納まりのポイント
パネル相互の目地幅：長辺○○mm以上、短辺○○mm以上。パネル幅900mmを超える場合は長辺、短辺ともに○○mm以上。
2次的な漏水対策として室内側にガ○○ト、パネル最下部に水○○プを設置する構法もある。",,"・各部納まりのポイント
パネル相互の目地幅：長辺10mm以上、短辺15mm以上。パネル幅900mmを超える場合は長辺、短辺ともに15mm以上。
2次的な漏水対策として室内側にガスケット、パネル最下部に水抜きパイプを設置する構法もある。",
■ALCパネル工事,,■ALCパネル工事,
"・パネルの取り付け方
①縦壁（ロッキング構法）
②横壁（横壁アンカー構法）",,"・パネルの取り付け方
①縦壁（ロッキング構法）
②横壁（横壁アンカー構法）",
"・①ロッキング構法のポイント
上部、下部の中心に○○か所ずつ、計○○点でピン支持する。
パネル重量は、パネル中央の受○○プレートで支持する。
横目地幅は、○○～○○mm
外壁下部等のコンクリートと面する所には、Rス○○サーを設置する。",,"・①ロッキング構法のポイント
上部、下部の中心に1か所ずつ、計2点でピン支持する。
パネル重量は、パネル中央の受けプレートで支持する。
横目地幅は、10～20mm
外壁下部等のコンクリートと面する所には、Rスペーサーを設置する。",
"・②横壁アンカー構法のポイント
イ○○プレートで左右の中央に○○か所ずつ、計○○点でピン支持する。
○○段以下毎に、下部○○か所に自重受けプレートで支持する。",,"・②横壁アンカー構法のポイント
イナズマプレートで左右の中央に1か所ずつ、計2点でピン支持する。
5段以下毎に、下部2か所に自重受けプレートで支持する。",
■ALC間仕切りパネル構法,,■ALC間仕切りパネル構法,
・ロッキング構法の場合は、上記と同様。,,・ロッキング構法の場合は、上記と同様。,
"・縦壁フットプレート構法のポイント
パネル上部の取り付け部は、間仕切りチャンネル等で引っ掛ける。掛代は○○～○○mmかつ、○○～○○mmクリアランスを設ける
パネル相互には接着剤を用いる場合がある。シリカ系、セメント系、アクリル系。
上部で、デッキプレートの溝と平行になる場合は、@1○○で平鋼をアンカーなどで取り付けておく。",,"・縦壁フットプレート構法のポイント
パネル上部の取り付け部は、間仕切りチャンネル等で引っ掛ける。掛代は10～20mmかつ、10～20mmクリアランスを設ける
パネル相互には接着剤を用いる場合がある。シリカ系、セメント系、アクリル系。
上部で、デッキプレートの溝と平行になる場合は、@1200で平鋼をアンカーなどで取り付けておく。",
■ALCの屋根および床パネル構法,,■ALCの屋根および床パネル構法,
"・敷設筋構法のポイント
短辺は目地を○○mm程度設けて、ス○○プレートが入るようにする。
長辺の上部に設けた溝に鉄筋をはめる。スラブプレートの穴を通して、固定。
屋根、スラブの端部で、目地鉄筋で固定ができない場所では、ボ○○と座○○で固定。",,"・敷設筋構法のポイント
短辺は目地を20mm程度設けて、スラブプレートが入るようにする。
長辺の上部に設けた溝に鉄筋をはめる。スラブプレートの穴を通して、固定。
屋根、スラブの端部で、目地鉄筋で固定ができない場所では、ボルトと座金で固定。",
"■ALCのパネル切断と溝堀り、孔あけのポイント
原則行わない。
行う場合は、主筋を切断しない範囲かつ、強度上問題ない範囲。
外壁、間仕切壁への、孔あけは、直径がパネル幅の1/○○以下。
床パネルへの孔あけは、直径○○mm以下。1枚あたり○○か所。
使用上支障ない程度の欠けパネルは監理者と協議の上、所定の補修モルタルで補修。（支障ある場合は廃棄）
開口補強は必要。
パネル間のシーリングは、ワーキングジョイントなので、○○面接着。
耐火、防火上で必要な場合は、伸縮目地を構成するパネル相互の接合部には所定の耐火目地を挿入する（モルタルは充填しない）",,"■ALCのパネル切断と溝堀り、孔あけのポイント
原則行わない。
行う場合は、主筋を切断しない範囲かつ、強度上問題ない範囲。
外壁、間仕切壁への、孔あけは、直径がパネル幅の1/6以下。
床パネルへの孔あけは、直径50mm以下。1枚あたり1か所。
使用上支障ない程度の欠けパネルは監理者と協議の上、所定の補修モルタルで補修。（支障ある場合は廃棄）
開口補強は必要。
パネル間のシーリングは、ワーキングジョイントなので、二面接着。
耐火、防火上で必要な場合は、伸縮目地を構成するパネル相互の接合部には所定の耐火目地を挿入する（モルタルは充填しない）",
■カーテンウォール工事,,■カーテンウォール工事,
"・構法の種類
スパンドレル方式
マリオン方式
パネル方式
パネル組合せ方式
柱・梁カバー方式",,"・構法の種類
スパンドレル方式
マリオン方式
パネル方式
パネル組合せ方式
柱・梁カバー方式",
PCカーテンウォールの開口部にY型構造ガスケット（ガラス固定用）を使用する場合は、コンクリート端面から溝中心までの寸法：○○mm以上。,,PCカーテンウォールの開口部にY型構造ガスケット（ガラス固定用）を使用する場合は、コンクリート端面から溝中心までの寸法：60mm以上。,
・カーテンウォール工事の躯体付け金物の取付寸法許容差：鉛直±○○mm、水平±○○mm。,,・カーテンウォール工事の躯体付け金物の取付寸法許容差：鉛直±10mm、水平±25mm。,
"・カーテンウォール工事の目地幅の寸法許容差：
メタルCW：±○○mm以下
プレキャストコンクリートCW：±○○mm以下",,"・カーテンウォール工事の目地幅の寸法許容差：
メタルCW：±3mm以下
プレキャストコンクリートCW：±5mm以下",
【屋根工事】,,【屋根工事】,
■屋根工事,,■屋根工事,
"屋根の種類
①金○○板葺き
②瓦葺き
③繊維強化セ○○板葺き（ス○○波板）
③住宅屋根用化粧ス○○葺き",,"屋根の種類
①金属板葺き
②瓦葺き
③繊維強化セメント板葺き（スレート波板）
③住宅屋根用化粧スレート葺き",
"・①金属板の屋根ふき種類
平葺き
立○○葺き
波○○葺き
か○○棒葺き
角○○葺き",,"・①金属板の屋根ふき種類
平葺き
立平葺き
波板葺き
かわら棒葺き
角山葺き",
■下葺き,,■下葺き,
"・下葺きの材料
ア○○ルーフィング
緩勾配の場合は改○○ルーフィングにする。",,"・下葺きの材料
アスファルトルーフィング
緩勾配の場合は改質アスファルトルーフィングにする。",
"■下葺きルーフィング類の施工のポイント
短辺の重ね幅：○○mm以上
長辺の重ね幅：○○mm以上
ステープルによる仮止め間隔は、重ね部分で○○mm程度。
棟部は○○mm以上折掛け（頂部を通り越して250mm)し、更に1枚もので左右300mm以上の増張り
谷部は、1枚もので左右300mmを先張りし、その上に谷底から250mm以上掛ける。",,"■下葺きルーフィング類の施工のポイント
短辺の重ね幅：200mm以上
長辺の重ね幅：100mm以上
ステープルによる仮止め間隔は、重ね部分で300mm程度。
棟部は250mm以上折掛け（頂部を通り越して250mm)し、更に1枚もので左右300mm以上の増張り
谷部は、1枚もので左右300mmを先張りし、その上に谷底から250mm以上掛ける。",
■■金属板葺きのポイント,,■■金属板葺きのポイント,
■芯木なし瓦棒葺きのポイント,,■芯木なし瓦棒葺きのポイント,
■平葺きのポイント,,■平葺きのポイント,
"■横葺きのポイント
葺き板の継ぎ位置は、○○配置とする。",,"■横葺きのポイント
葺き板の継ぎ位置は、千鳥配置とする。",
"■折版葺きのポイント
タイトフレームに固定。
折板の重ね部に使用する緊結ボルトの間隔は600mm程度。（※これどこの事か確認）
タイトフレームの取り付けのための‥‥書く。理解してから。
タイトフレームと受梁の接合は、隅肉溶接とする。
溶接後はスラグ除去し、錆止め塗装する。
折版の流れ方向には原則として継手を設けない。
ケラバ納めは、ケラバ包み方法を原則。ケラバ包みは1000mm間隔で下地（端部用タイトフレーム）に取り付ける
軒先の落とし口は、小さく開口しポンチで広げる
軒先の落とし口の先に、尾垂れを付ける。5mm程度以上、15度程度曲げる。
軒先アール曲げ加工は、曲げ半径450mm以上とする。
水上の壁との取り合いは、雨押えを150mm程度立ち上げ。そして、止水面戸を設けシーリング。",,"■折版葺きのポイント
タイトフレームに固定。
折板の重ね部に使用する緊結ボルトの間隔は600mm程度。（※これどこの事か確認）
タイトフレームの取り付けのための‥‥書く。理解してから。
タイトフレームと受梁の接合は、隅肉溶接とする。
溶接後はスラグ除去し、錆止め塗装する。
折版の流れ方向には原則として継手を設けない。
ケラバ納めは、ケラバ包み方法を原則。ケラバ包みは1000mm間隔で下地（端部用タイトフレーム）に取り付ける
軒先の落とし口は、小さく開口しポンチで広げる
軒先の落とし口の先に、尾垂れを付ける。5mm程度以上、15度程度曲げる。
軒先アール曲げ加工は、曲げ半径450mm以上とする。
水上の壁との取り合いは、雨押えを150mm程度立ち上げ。そして、止水面戸を設けシーリング。",
■屋上緑化工事,,■屋上緑化工事,
"・屋上緑化の構成
①植栽
②土壌層
③透水層
④排水層
⑤耐根層保護層（保護コンクリート）
⑥断熱材
⑦耐根層
⑧防水層",,"・屋上緑化の構成
①植栽
②土壌層
③透水層
④排水層
⑤耐根層保護層（保護コンクリート）
⑥断熱材
⑦耐根層
⑧防水層",
"・屋上緑化のポイント
耐根層（耐根シート）は、防水層の直上部に設ける
耐根層保護層は必須。
土壌面は、防水立ち上がり上端より150mm以上低くする。
ルーフドレンは1排水面積に最低2か所以上設置
ルーフドレンの口径は目詰まり考慮して、余裕のある管径にする。
植栽地の見切り材（土留め材）に設ける排水孔は、目詰まり防止、土壌流出防止処理を行う。",,"・屋上緑化のポイント
耐根層（耐根シート）は、防水層の直上部に設ける
耐根層保護層は必須。
土壌面は、防水立ち上がり上端より150mm以上低くする。
ルーフドレンは1排水面積に最低2か所以上設置
ルーフドレンの口径は目詰まり考慮して、余裕のある管径にする。
植栽地の見切り材（土留め材）に設ける排水孔は、目詰まり防止、土壌流出防止処理を行う。",
■■塗装工事,,■■塗装工事,
■素地ごしらえ,,■素地ごしらえ,
"・木部の素地ごしらえ
節止め
穴埋め",,"・木部の素地ごしらえ
節止め
穴埋め",
"・鉄鋼面の素地ごしらえ
油類の除去
さび落とし",,"・鉄鋼面の素地ごしらえ
油類の除去
さび落とし",
"・亜鉛めっき鋼面の素地ごしらえ
汚れ、油類の除去した後、化成被膜処理。",,"・亜鉛めっき鋼面の素地ごしらえ
汚れ、油類の除去した後、化成被膜処理。",
"・モルタル面および石膏プラスター面の素地ごしらえ
乾燥、汚れ付着物の除去。
吸い込み止め：シーラー塗り。吸い込み止めは、穴埋めをする前に行う。
穴埋め：屋内のモルタル面の穴埋めには、合成樹脂エマルションパテ（耐水形）を用いる。",,"・モルタル面および石膏プラスター面の素地ごしらえ
乾燥、汚れ付着物の除去。
吸い込み止め：シーラー塗り。吸い込み止めは、穴埋めをする前に行う。
穴埋め：屋内のモルタル面の穴埋めには、合成樹脂エマルションパテ（耐水形）を用いる。",
"・コンクリート面の素地ごしらえ
乾燥
汚れ、付着物除去
下地調整剤塗り（全面に1～2mm）
研磨紙ずり
パテしごき
研磨紙ずり",,"・コンクリート面の素地ごしらえ
乾燥
汚れ、付着物除去
下地調整剤塗り（全面に1～2mm）
研磨紙ずり
パテしごき
研磨紙ずり",
"■錆止め塗料塗り
金属系素地面（鉄鋼面、亜鉛めっき面）には、塗装の前に、下塗りとして錆止め塗装を行う。",,"■錆止め塗料塗り
金属系素地面（鉄鋼面、亜鉛めっき面）には、塗装の前に、下塗りとして錆止め塗装を行う。",
"■各種塗料種類
①合成樹脂調合ペイント（SOP）塗り
②合成樹脂エマルションペイント（EP）塗り
③つや有合成樹脂エマルションペイント塗り（EP-G）
④フタル酸樹脂エナメル塗り
⑤アクリルシリコン樹脂エナメル塗り
⑥2液ポリウレタンエナメル塗り
⑦アクリル樹脂系非水分散形塗料塗り（NAD）
⑧常温乾燥形ふっ素樹脂エナメル塗り
⑨木材保護塗料塗り（WP）",,"■各種塗料種類
①合成樹脂調合ペイント（SOP）塗り
②合成樹脂エマルションペイント（EP）塗り
③つや有合成樹脂エマルションペイント塗り（EP-G）
④フタル酸樹脂エナメル塗り
⑤アクリルシリコン樹脂エナメル塗り
⑥2液ポリウレタンエナメル塗り
⑦アクリル樹脂系非水分散形塗料塗り（NAD）
⑧常温乾燥形ふっ素樹脂エナメル塗り
⑨木材保護塗料塗り（WP）",
"①SOPのポイント
主に金属系、木部。
刷毛目が少なく、光沢がよく、平滑な仕上がり。
アルカリ性に弱い塗料。（セメント系には適さない）",,"①SOPのポイント
主に金属系、木部。
刷毛目が少なく、光沢がよく、平滑な仕上がり。
アルカリ性に弱い塗料。（セメント系には適さない）",
"②EPのポイント
主にセメント系、石こう系、木部。
水性塗料。水で希釈が可能。
1種は外部や水掛かり、2種は内部に用いる。
下塗り、中塗りの工程間隔は3時間以上（気温20度）
金属系素地面には適さない。",,"②EPのポイント
主にセメント系、石こう系、木部。
水性塗料。水で希釈が可能。
1種は外部や水掛かり、2種は内部に用いる。
下塗り、中塗りの工程間隔は3時間以上（気温20度）
金属系素地面には適さない。",
"③EP-Gのポイント
主に、金属系、セメント系、石こう系、木部。
工程間隔時間：下塗り3時間以上、中塗り5時間以上、最終養生48時間以上。",,"③EP-Gのポイント
主に、金属系、セメント系、石こう系、木部。
工程間隔時間：下塗り3時間以上、中塗り5時間以上、最終養生48時間以上。",
④フタル酸樹脂エナメル塗り,,④フタル酸樹脂エナメル塗り,
"⑤アクリルシリコン樹脂エナメル塗り
主に金属系、セメント系。
強い腐食環境にある場所で、長期の防錆効果、高度な耐久性。
コンクリート素地面への下塗りには、反応形合成樹脂シーラー又は弱溶剤系反応形合成樹脂シーラーを使用。
工程間隔時間：16時間以上7日以内。",,"⑤アクリルシリコン樹脂エナメル塗り
主に金属系、セメント系。
強い腐食環境にある場所で、長期の防錆効果、高度な耐久性。
コンクリート素地面への下塗りには、反応形合成樹脂シーラー又は弱溶剤系反応形合成樹脂シーラーを使用。
工程間隔時間：16時間以上7日以内。",
⑥2液形ポリウレタンエナメル塗り,,⑥2液形ポリウレタンエナメル塗り,
【023設備工事】,,【023設備工事】,
■給排水衛生設備工事、ガス工事,,■給排水衛生設備工事、ガス工事,
■電気設備工事、消防設備,,■電気設備工事、消防設備,
■空気調和設備、換気設備,,■空気調和設備、換気設備,
【024PCa工事】,,【024PCa工事】,
【025改修工事①耐震改修】,,【025改修工事①耐震改修】,
■耐震改修,,■耐震改修,
"・壁の増設
RC壁、枠付き鉄骨ブレース",,"・壁の増設
RC壁、枠付き鉄骨ブレース",
"・柱の補強
炭素繊維巻き付け、鋼板巻き立て、RC巻き立て",,"・柱の補強
炭素繊維巻き付け、鋼板巻き立て、RC巻き立て",
■壁の増設,,■壁の増設,
"・RC壁のコンクリート打ち込み方式
流し込み工法、圧入工法",,"・RC壁のコンクリート打ち込み方式
流し込み工法、圧入工法",
"■柱の補強
・炭素繊維巻き付け：200mm以上重ね、重ね継手位置は交互にずらす
・鋼板巻き立て：板厚4.5mm以上の2分割した鋼板を建てこむ。溶接後モルタル圧入
・RC巻き立て：帯筋or溶接金網の方法。打設高さ1m毎に締固めを行う",,"■柱の補強
・炭素繊維巻き付け：200mm以上重ね、重ね継手位置は交互にずらす
・鋼板巻き立て：板厚4.5mm以上の2分割した鋼板を建てこむ。溶接後モルタル圧入
・RC巻き立て：帯筋or溶接金網の方法。打設高さ1m毎に締固めを行う",
■後施工アンカーの施工,,■後施工アンカーの施工,
【026改修工事②各種工事】,,【026改修工事②各種工事】,
■鉄筋コンクリートの劣化診断,,■鉄筋コンクリートの劣化診断,
■RC外装の劣化診断,,■RC外装の劣化診断,
"・RCの劣化改修方法
シ○○工法：ひび割れ幅○○mm未満
エ○○工法：ひび割れ幅○○～○○mm
U○○工法：ひび割れ幅○○mm以上",,"・RCの劣化改修方法
シール工法：ひび割れ幅0.2mm未満
エポキシ樹脂注入工法：ひび割れ幅0.2～1.0mm
Uカットシール充填工法：ひび割れ幅1.0mm以上",
"・モルタル塗りの仕上げモルタル浮き/タイル張り下地モルタル浮きの改修方法
ア○○部分エポキシ樹脂注入工法",,"・モルタル塗りの仕上げモルタル浮き/タイル張り下地モルタル浮きの改修方法
アンカーピンニング部分エポキシ樹脂注入工法",
"・タイル張替えの場合の注意点
下地面の水湿し（みずしめし）をして、ポリマーセメントモルタルで行う
タイル撤去時には、ダイヤモンドカッターで切り込みを入れ、健全部と縁を切る",,"・タイル張替えの場合の注意点
下地面の水湿し（みずしめし）をして、ポリマーセメントモルタルで行う
タイル撤去時には、ダイヤモンドカッターで切り込みを入れ、健全部と縁を切る",
■防水改修,,■防水改修,
